state,year,stage,feature,missing_count,missing_rate,zero_count
AL,2018,raw,AGEP,0,0.0,459
AL,2018,raw,COW,21454,0.44904451932938444,0
AL,2018,raw,SCHL,1355,0.02836092680578521,0
AL,2018,raw,MAR,0,0.0,0
AL,2018,raw,OCCP,21454,0.44904451932938444,0
AL,2018,raw,POBP,0,0.0,0
AL,2018,raw,RELP,0,0.0,19835
AL,2018,raw,WKHP,25329,0.5301504908219437,0
AL,2018,raw,SEX,0,0.0,0
AL,2018,raw,RAC1P,0,0.0,0
AL,2018,raw,PINCP,7501,0.15700023023630616,5472
AL,2018,raw,PWGTP,0,0.0,0
AL,2018,filtered,AGEP,0,0.0,0
AL,2018,filtered,COW,0,0.0,0
AL,2018,filtered,SCHL,0,0.0,0
AL,2018,filtered,MAR,0,0.0,0
AL,2018,filtered,OCCP,0,0.0,0
AL,2018,filtered,POBP,0,0.0,0
AL,2018,filtered,RELP,0,0.0,11462
AL,2018,filtered,WKHP,0,0.0,0
AL,2018,filtered,SEX,0,0.0,0
AL,2018,filtered,RAC1P,0,0.0,0
AL,2018,filtered,PINCP,0,0.0,0
AL,2018,filtered,PWGTP,0,0.0,0
AK,2018,raw,AGEP,0,0.0,97
AK,2018,raw,COW,2667,0.39740724184175236,0
AK,2018,raw,SCHL,276,0.04112650871703174,0
AK,2018,raw,MAR,0,0.0,0
AK,2018,raw,OCCP,2667,0.39740724184175236,0
AK,2018,raw,POBP,0,0.0,0
AK,2018,raw,RELP,0,0.0,2292
AK,2018,raw,WKHP,3131,0.4665474593950231,0
AK,2018,raw,SEX,0,0.0,0
AK,2018,raw,RAC1P,0,0.0,0
AK,2018,raw,PINCP,1421,0.21174191625689168,273
AK,2018,raw,PWGTP,0,0.0,0
AK,2018,filtered,AGEP,0,0.0,0
AK,2018,filtered,COW,0,0.0,0
AK,2018,filtered,SCHL,0,0.0,0
AK,2018,filtered,MAR,0,0.0,0
AK,2018,filtered,OCCP,0,0.0,0
AK,2018,filtered,POBP,0,0.0,0
AK,2018,filtered,RELP,0,0.0,1601
AK,2018,filtered,WKHP,0,0.0,0
AK,2018,filtered,SEX,0,0.0,0
AK,2018,filtered,RAC1P,0,0.0,0
AK,2018,filtered,PINCP,0,0.0,0
AK,2018,filtered,PWGTP,0,0.0,0
AZ,2018,raw,AGEP,0,0.0,712
AZ,2018,raw,COW,30770,0.43963423346192315,0
AZ,2018,raw,SCHL,2135,0.030504357765395056,0
AZ,2018,raw,MAR,0,0.0,0
AZ,2018,raw,OCCP,30770,0.43963423346192315,0
AZ,2018,raw,POBP,0,0.0,0
AZ,2018,raw,RELP,0,0.0,27048
AZ,2018,raw,WKHP,36455,0.5208601228746964,0
AZ,2018,raw,SEX,0,0.0,0
AZ,2018,raw,RAC1P,0,0.0,0
AZ,2018,raw,PINCP,12145,0.17352478925560794,8303
AZ,2018,raw,PWGTP,0,0.0,0
AZ,2018,filtered,AGEP,0,0.0,0
AZ,2018,filtered,COW,0,0.0,0
AZ,2018,filtered,SCHL,0,0.0,0
AZ,2018,filtered,MAR,0,0.0,0
AZ,2018,filtered,OCCP,0,0.0,0
AZ,2018,filtered,POBP,0,0.0,0
AZ,2018,filtered,RELP,0,0.0,16690
AZ,2018,filtered,WKHP,0,0.0,0
AZ,2018,filtered,SEX,0,0.0,0
AZ,2018,filtered,RAC1P,0,0.0,0
AZ,2018,filtered,PINCP,0,0.0,0
AZ,2018,filtered,PWGTP,0,0.0,0
AR,2018,raw,AGEP,0,0.0,326
AR,2018,raw,COW,14110,0.46257745139822315,0
AR,2018,raw,SCHL,962,0.03153788151985051,0
AR,2018,raw,MAR,0,0.0,0
AR,2018,raw,OCCP,14110,0.46257745139822315,0
AR,2018,raw,POBP,0,0.0,0
AR,2018,raw,RELP,0,0.0,12210
AR,2018,raw,WKHP,16460,0.5396190538635544,0
AR,2018,raw,SEX,0,0.0,0
AR,2018,raw,RAC1P,0,0.0,0
AR,2018,raw,PINCP,5424,0.1778185752221093,3402
AR,2018,raw,PWGTP,0,0.0,0
AR,2018,filtered,AGEP,0,0.0,0
AR,2018,filtered,COW,0,0.0,0
AR,2018,filtered,SCHL,0,0.0,0
AR,2018,filtered,MAR,0,0.0,0
AR,2018,filtered,OCCP,0,0.0,0
AR,2018,filtered,POBP,0,0.0,0
AR,2018,filtered,RELP,0,0.0,7230
AR,2018,filtered,WKHP,0,0.0,0
AR,2018,filtered,SEX,0,0.0,0
AR,2018,filtered,RAC1P,0,0.0,0
AR,2018,filtered,PINCP,0,0.0,0
AR,2018,filtered,PWGTP,0,0.0,0
CA,2018,raw,AGEP,0,0.0,3444
CA,2018,raw,COW,155970,0.41172914626323526,0
CA,2018,raw,SCHL,10952,0.028911057317913397,0
CA,2018,raw,MAR,0,0.0,0
CA,2018,raw,OCCP,155970,0.41172914626323526,0
CA,2018,raw,POBP,0,0.0,0
CA,2018,raw,RELP,0,0.0,134279
CA,2018,raw,WKHP,182213,0.48100534030943704,0
CA,2018,raw,SEX,0,0.0,0
CA,2018,raw,RAC1P,0,0.0,0
CA,2018,raw,PINCP,63086,0.16653423684787114,49099
CA,2018,raw,PWGTP,0,0.0,0
CA,2018,filtered,AGEP,0,0.0,0
CA,2018,filtered,COW,0,0.0,0
CA,2018,filtered,SCHL,0,0.0,0
CA,2018,filtered,MAR,0,0.0,0
CA,2018,filtered,OCCP,0,0.0,0
CA,2018,filtered,POBP,0,0.0,0
CA,2018,filtered,RELP,0,0.0,90761
CA,2018,filtered,WKHP,0,0.0,0
CA,2018,filtered,SEX,0,0.0,0
CA,2018,filtered,RAC1P,0,0.0,0
CA,2018,filtered,PINCP,0,0.0,0
CA,2018,filtered,PWGTP,0,0.0,0
CO,2018,raw,AGEP,0,0.0,544
CO,2018,raw,COW,20434,0.36536260906880275,0
CO,2018,raw,SCHL,1707,0.03052138463739093,0
CO,2018,raw,MAR,0,0.0,0
CO,2018,raw,OCCP,20434,0.36536260906880275,0
CO,2018,raw,POBP,0,0.0,0
CO,2018,raw,RELP,0,0.0,22348
CO,2018,raw,WKHP,24302,0.4345229580889715,0
CO,2018,raw,SEX,0,0.0,0
CO,2018,raw,RAC1P,0,0.0,0
CO,2018,raw,PINCP,9689,0.17324059505077957,4729
CO,2018,raw,PWGTP,0,0.0,0
CO,2018,filtered,AGEP,0,0.0,0
CO,2018,filtered,COW,0,0.0,0
CO,2018,filtered,SCHL,0,0.0,0
CO,2018,filtered,MAR,0,0.0,0
CO,2018,filtered,OCCP,0,0.0,0
CO,2018,filtered,POBP,0,0.0,0
CO,2018,filtered,RELP,0,0.0,15923
CO,2018,filtered,WKHP,0,0.0,0
CO,2018,filtered,SEX,0,0.0,0
CO,2018,filtered,RAC1P,0,0.0,0
CO,2018,filtered,PINCP,0,0.0,0
CO,2018,filtered,PWGTP,0,0.0,0
CT,2018,raw,AGEP,0,0.0,287
CT,2018,raw,COW,13838,0.381348692369168,0
CT,2018,raw,SCHL,920,0.02535343235869595,0
CT,2018,raw,MAR,0,0.0,0
CT,2018,raw,OCCP,13838,0.381348692369168,0
CT,2018,raw,POBP,0,0.0,0
CT,2018,raw,RELP,0,0.0,14294
CT,2018,raw,WKHP,16326,0.4499131920522501,0
CT,2018,raw,SEX,0,0.0,0
CT,2018,raw,RAC1P,0,0.0,0
CT,2018,raw,PINCP,5636,0.15531733127566347,3408
CT,2018,raw,PWGTP,0,0.0,0
CT,2018,filtered,AGEP,0,0.0,0
CT,2018,filtered,COW,0,0.0,0
CT,2018,filtered,SCHL,0,0.0,0
CT,2018,filtered,MAR,0,0.0,0
CT,2018,filtered,OCCP,0,0.0,0
CT,2018,filtered,POBP,0,0.0,0
CT,2018,filtered,RELP,0,0.0,9800
CT,2018,filtered,WKHP,0,0.0,0
CT,2018,filtered,SEX,0,0.0,0
CT,2018,filtered,RAC1P,0,0.0,0
CT,2018,filtered,PINCP,0,0.0,0
CT,2018,filtered,PWGTP,0,0.0,0
DE,2018,raw,AGEP,0,0.0,80
DE,2018,raw,COW,3553,0.38945522306258906,0
DE,2018,raw,SCHL,224,0.02455332675654938,0
DE,2018,raw,MAR,0,0.0,0
DE,2018,raw,OCCP,3553,0.38945522306258906,0
DE,2018,raw,POBP,0,0.0,0
DE,2018,raw,RELP,0,0.0,3786
DE,2018,raw,WKHP,4362,0.4781321933574482,0
DE,2018,raw,SEX,0,0.0,0
DE,2018,raw,RAC1P,0,0.0,0
DE,2018,raw,PINCP,1264,0.13855091526910007,798
DE,2018,raw,PWGTP,0,0.0,0
DE,2018,filtered,AGEP,0,0.0,0
DE,2018,filtered,COW,0,0.0,0
DE,2018,filtered,SCHL,0,0.0,0
DE,2018,filtered,MAR,0,0.0,0
DE,2018,filtered,OCCP,0,0.0,0
DE,2018,filtered,POBP,0,0.0,0
DE,2018,filtered,RELP,0,0.0,2330
DE,2018,filtered,WKHP,0,0.0,0
DE,2018,filtered,SEX,0,0.0,0
DE,2018,filtered,RAC1P,0,0.0,0
DE,2018,filtered,PINCP,0,0.0,0
DE,2018,filtered,PWGTP,0,0.0,0
FL,2018,raw,AGEP,0,0.0,1586
FL,2018,raw,COW,86118,0.4259893153937475,0
FL,2018,raw,SCHL,4963,0.024549861495844875,0
FL,2018,raw,MAR,0,0.0,0
FL,2018,raw,OCCP,86118,0.4259893153937475,0
FL,2018,raw,POBP,0,0.0,0
FL,2018,raw,RELP,0,0.0,84246
FL,2018,raw,WKHP,102742,0.508221210922042,0
FL,2018,raw,SEX,0,0.0,0
FL,2018,raw,RAC1P,0,0.0,0
FL,2018,raw,PINCP,28183,0.13940937870993272,22489
FL,2018,raw,PWGTP,0,0.0,0
FL,2018,filtered,AGEP,0,0.0,0
FL,2018,filtered,COW,0,0.0,0
FL,2018,filtered,SCHL,0,0.0,0
FL,2018,filtered,MAR,0,0.0,0
FL,2018,filtered,OCCP,0,0.0,0
FL,2018,filtered,POBP,0,0.0,0
FL,2018,filtered,RELP,0,0.0,50743
FL,2018,filtered,WKHP,0,0.0,0
FL,2018,filtered,SEX,0,0.0,0
FL,2018,filtered,RAC1P,0,0.0,0
FL,2018,filtered,PINCP,0,0.0,0
FL,2018,filtered,PWGTP,0,0.0,0
GA,2018,raw,AGEP,0,0.0,909
GA,2018,raw,COW,42361,0.4200188389271727,0
GA,2018,raw,SCHL,2963,0.029378811164543155,0
GA,2018,raw,MAR,0,0.0,0
GA,2018,raw,OCCP,42361,0.4200188389271727,0
GA,2018,raw,POBP,0,0.0,0
GA,2018,raw,RELP,0,0.0,39414
GA,2018,raw,WKHP,49556,0.49135888156263946,0
GA,2018,raw,SEX,0,0.0,0
GA,2018,raw,RAC1P,0,0.0,0
GA,2018,raw,PINCP,17288,0.1714144068216747,11845
GA,2018,raw,PWGTP,0,0.0,0
GA,2018,filtered,AGEP,0,0.0,0
GA,2018,filtered,COW,0,0.0,0
GA,2018,filtered,SCHL,0,0.0,0
GA,2018,filtered,MAR,0,0.0,0
GA,2018,filtered,OCCP,0,0.0,0
GA,2018,filtered,POBP,0,0.0,0
GA,2018,filtered,RELP,0,0.0,26047
GA,2018,filtered,WKHP,0,0.0,0
GA,2018,filtered,SEX,0,0.0,0
GA,2018,filtered,RAC1P,0,0.0,0
GA,2018,filtered,PINCP,0,0.0,0
GA,2018,filtered,PWGTP,0,0.0,0
HI,2018,raw,AGEP,0,0.0,132
HI,2018,raw,COW,5647,0.3921527777777778,0
HI,2018,raw,SCHL,408,0.028333333333333332,0
HI,2018,raw,MAR,0,0.0,0
HI,2018,raw,OCCP,5647,0.3921527777777778,0
HI,2018,raw,POBP,0,0.0,0
HI,2018,raw,RELP,0,0.0,4802
HI,2018,raw,WKHP,6631,0.4604861111111111,0
HI,2018,raw,SEX,0,0.0,0
HI,2018,raw,RAC1P,0,0.0,0
HI,2018,raw,PINCP,2328,0.16166666666666665,1398
HI,2018,raw,PWGTP,0,0.0,0
HI,2018,filtered,AGEP,0,0.0,0
HI,2018,filtered,COW,0,0.0,0
HI,2018,filtered,SCHL,0,0.0,0
HI,2018,filtered,MAR,0,0.0,0
HI,2018,filtered,OCCP,0,0.0,0
HI,2018,filtered,POBP,0,0.0,0
HI,2018,filtered,RELP,0,0.0,3174
HI,2018,filtered,WKHP,0,0.0,0
HI,2018,filtered,SEX,0,0.0,0
HI,2018,filtered,RAC1P,0,0.0,0
HI,2018,filtered,PINCP,0,0.0,0
HI,2018,filtered,PWGTP,0,0.0,0
ID,2018,raw,AGEP,0,0.0,204
ID,2018,raw,COW,7046,0.4216384417449584,0
ID,2018,raw,SCHL,629,0.03763987792472025,0
ID,2018,raw,MAR,0,0.0,0
ID,2018,raw,OCCP,7046,0.4216384417449584,0
ID,2018,raw,POBP,0,0.0,0
ID,2018,raw,RELP,0,0.0,6487
ID,2018,raw,WKHP,8333,0.4986535814732811,0
ID,2018,raw,SEX,0,0.0,0
ID,2018,raw,RAC1P,0,0.0,0
ID,2018,raw,PINCP,3308,0.19795344383938723,1429
ID,2018,raw,PWGTP,0,0.0,0
ID,2018,filtered,AGEP,0,0.0,0
ID,2018,filtered,COW,0,0.0,0
ID,2018,filtered,SCHL,0,0.0,0
ID,2018,filtered,MAR,0,0.0,0
ID,2018,filtered,OCCP,0,0.0,0
ID,2018,filtered,POBP,0,0.0,0
ID,2018,filtered,RELP,0,0.0,4128
ID,2018,filtered,WKHP,0,0.0,0
ID,2018,filtered,SEX,0,0.0,0
ID,2018,filtered,RAC1P,0,0.0,0
ID,2018,filtered,PINCP,0,0.0,0
ID,2018,filtered,PWGTP,0,0.0,0
IL,2018,raw,AGEP,0,0.0,1268
IL,2018,raw,COW,49913,0.39470645916366165,0
IL,2018,raw,SCHL,3907,0.030896121971278546,0
IL,2018,raw,MAR,0,0.0,0
IL,2018,raw,OCCP,49913,0.39470645916366165,0
IL,2018,raw,POBP,0,0.0,0
IL,2018,raw,RELP,0,0.0,50297
IL,2018,raw,WKHP,58832,0.4652369203517429,0
IL,2018,raw,SEX,0,0.0,0
IL,2018,raw,RAC1P,0,0.0,0
IL,2018,raw,PINCP,21184,0.16752071866894414,12565
IL,2018,raw,PWGTP,0,0.0,0
IL,2018,filtered,AGEP,0,0.0,0
IL,2018,filtered,COW,0,0.0,0
IL,2018,filtered,SCHL,0,0.0,0
IL,2018,filtered,MAR,0,0.0,0
IL,2018,filtered,OCCP,0,0.0,0
IL,2018,filtered,POBP,0,0.0,0
IL,2018,filtered,RELP,0,0.0,33922
IL,2018,filtered,WKHP,0,0.0,0
IL,2018,filtered,SEX,0,0.0,0
IL,2018,filtered,RAC1P,0,0.0,0
IL,2018,filtered,PINCP,0,0.0,0
IL,2018,filtered,PWGTP,0,0.0,0
IN,2018,raw,AGEP,0,0.0,688
IN,2018,raw,COW,27364,0.4043144208037825,0
IN,2018,raw,SCHL,2186,0.03229905437352246,0
IN,2018,raw,MAR,0,0.0,0
IN,2018,raw,OCCP,27364,0.4043144208037825,0
IN,2018,raw,POBP,0,0.0,0
IN,2018,raw,RELP,0,0.0,27035
IN,2018,raw,WKHP,32315,0.4774674940898345,0
IN,2018,raw,SEX,0,0.0,0
IN,2018,raw,RAC1P,0,0.0,0
IN,2018,raw,PINCP,12000,0.1773049645390071,6215
IN,2018,raw,PWGTP,0,0.0,0
IN,2018,filtered,AGEP,0,0.0,0
IN,2018,filtered,COW,0,0.0,0
IN,2018,filtered,SCHL,0,0.0,0
IN,2018,filtered,MAR,0,0.0,0
IN,2018,filtered,OCCP,0,0.0,0
IN,2018,filtered,POBP,0,0.0,0
IN,2018,filtered,RELP,0,0.0,17988
IN,2018,filtered,WKHP,0,0.0,0
IN,2018,filtered,SEX,0,0.0,0
IN,2018,filtered,RAC1P,0,0.0,0
IN,2018,filtered,PINCP,0,0.0,0
IN,2018,filtered,PWGTP,0,0.0,0
IA,2018,raw,AGEP,0,0.0,344
IA,2018,raw,COW,12274,0.3792719856621964,0
IA,2018,raw,SCHL,1046,0.03232185897039738,0
IA,2018,raw,MAR,0,0.0,0
IA,2018,raw,OCCP,12274,0.3792719856621964,0
IA,2018,raw,POBP,0,0.0,0
IA,2018,raw,RELP,0,0.0,13265
IA,2018,raw,WKHP,14411,0.44530622334837155,0
IA,2018,raw,SEX,0,0.0,0
IA,2018,raw,RAC1P,0,0.0,0
IA,2018,raw,PINCP,5626,0.17384586861133428,2141
IA,2018,raw,PWGTP,0,0.0,0
IA,2018,filtered,AGEP,0,0.0,0
IA,2018,filtered,COW,0,0.0,0
IA,2018,filtered,SCHL,0,0.0,0
IA,2018,filtered,MAR,0,0.0,0
IA,2018,filtered,OCCP,0,0.0,0
IA,2018,filtered,POBP,0,0.0,0
IA,2018,filtered,RELP,0,0.0,9097
IA,2018,filtered,WKHP,0,0.0,0
IA,2018,filtered,SEX,0,0.0,0
IA,2018,filtered,RAC1P,0,0.0,0
IA,2018,filtered,PINCP,0,0.0,0
IA,2018,filtered,PWGTP,0,0.0,0
KS,2018,raw,AGEP,0,0.0,328
KS,2018,raw,COW,11431,0.38661345418879156,0
KS,2018,raw,SCHL,930,0.031453985862617106,0
KS,2018,raw,MAR,0,0.0,0
KS,2018,raw,OCCP,11431,0.38661345418879156,0
KS,2018,raw,POBP,0,0.0,0
KS,2018,raw,RELP,0,0.0,11775
KS,2018,raw,WKHP,13540,0.4579429769675652,0
KS,2018,raw,SEX,0,0.0,0
KS,2018,raw,RAC1P,0,0.0,0
KS,2018,raw,PINCP,5326,0.18013325667128893,2325
KS,2018,raw,PWGTP,0,0.0,0
KS,2018,filtered,AGEP,0,0.0,0
KS,2018,filtered,COW,0,0.0,0
KS,2018,filtered,SCHL,0,0.0,0
KS,2018,filtered,MAR,0,0.0,0
KS,2018,filtered,OCCP,0,0.0,0
KS,2018,filtered,POBP,0,0.0,0
KS,2018,filtered,RELP,0,0.0,8032
KS,2018,filtered,WKHP,0,0.0,0
KS,2018,filtered,SEX,0,0.0,0
KS,2018,filtered,RAC1P,0,0.0,0
KS,2018,filtered,PINCP,0,0.0,0
KS,2018,filtered,PWGTP,0,0.0,0
KY,2018,raw,AGEP,0,0.0,516
KY,2018,raw,COW,19842,0.43632765255634964,0
KY,2018,raw,SCHL,1486,0.032677295217152284,0
KY,2018,raw,MAR,0,0.0,0
KY,2018,raw,OCCP,19842,0.43632765255634964,0
KY,2018,raw,POBP,0,0.0,0
KY,2018,raw,RELP,0,0.0,18233
KY,2018,raw,WKHP,23301,0.5123914238592633,0
KY,2018,raw,SEX,0,0.0,0
KY,2018,raw,RAC1P,0,0.0,0
KY,2018,raw,PINCP,7787,0.17123694337548104,4607
KY,2018,raw,PWGTP,0,0.0,0
KY,2018,filtered,AGEP,0,0.0,0
KY,2018,filtered,COW,0,0.0,0
KY,2018,filtered,SCHL,0,0.0,0
KY,2018,filtered,MAR,0,0.0,0
KY,2018,filtered,OCCP,0,0.0,0
KY,2018,filtered,POBP,0,0.0,0
KY,2018,filtered,RELP,0,0.0,11036
KY,2018,filtered,WKHP,0,0.0,0
KY,2018,filtered,SEX,0,0.0,0
KY,2018,filtered,RAC1P,0,0.0,0
KY,2018,filtered,PINCP,0,0.0,0
KY,2018,filtered,PWGTP,0,0.0,0
LA,2018,raw,AGEP,0,0.0,451
LA,2018,raw,COW,19349,0.4438963958796944,0
LA,2018,raw,SCHL,1366,0.03133818165133405,0
LA,2018,raw,MAR,0,0.0,0
LA,2018,raw,OCCP,19349,0.4438963958796944,0
LA,2018,raw,POBP,0,0.0,0
LA,2018,raw,RELP,0,0.0,18109
LA,2018,raw,WKHP,22805,0.5231824542889261,0
LA,2018,raw,SEX,0,0.0,0
LA,2018,raw,RAC1P,0,0.0,0
LA,2018,raw,PINCP,7216,0.16554635343779395,5302
LA,2018,raw,PWGTP,0,0.0,0
LA,2018,filtered,AGEP,0,0.0,0
LA,2018,filtered,COW,0,0.0,0
LA,2018,filtered,SCHL,0,0.0,0
LA,2018,filtered,MAR,0,0.0,0
LA,2018,filtered,OCCP,0,0.0,0
LA,2018,filtered,POBP,0,0.0,0
LA,2018,filtered,RELP,0,0.0,11051
LA,2018,filtered,WKHP,0,0.0,0
LA,2018,filtered,SEX,0,0.0,0
LA,2018,filtered,RAC1P,0,0.0,0
LA,2018,filtered,PINCP,0,0.0,0
LA,2018,filtered,PWGTP,0,0.0,0
ME,2018,raw,AGEP,0,0.0,106
ME,2018,raw,COW,5120,0.3856873822975518,0
ME,2018,raw,SCHL,306,0.02305084745762712,0
ME,2018,raw,MAR,0,0.0,0
ME,2018,raw,OCCP,5120,0.3856873822975518,0
ME,2018,raw,POBP,0,0.0,0
ME,2018,raw,RELP,0,0.0,5622
ME,2018,raw,WKHP,6198,0.4668926553672316,0
ME,2018,raw,SEX,0,0.0,0
ME,2018,raw,RAC1P,0,0.0,0
ME,2018,raw,PINCP,1800,0.13559322033898305,885
ME,2018,raw,PWGTP,0,0.0,0
ME,2018,filtered,AGEP,0,0.0,0
ME,2018,filtered,COW,0,0.0,0
ME,2018,filtered,SCHL,0,0.0,0
ME,2018,filtered,MAR,0,0.0,0
ME,2018,filtered,OCCP,0,0.0,0
ME,2018,filtered,POBP,0,0.0,0
ME,2018,filtered,RELP,0,0.0,3475
ME,2018,filtered,WKHP,0,0.0,0
ME,2018,filtered,SEX,0,0.0,0
ME,2018,filtered,RAC1P,0,0.0,0
ME,2018,filtered,PINCP,0,0.0,0
ME,2018,filtered,PWGTP,0,0.0,0
MD,2018,raw,AGEP,0,0.0,574
MD,2018,raw,COW,22356,0.373596256684492,0
MD,2018,raw,SCHL,1788,0.029879679144385028,0
MD,2018,raw,MAR,0,0.0,0
MD,2018,raw,OCCP,22356,0.373596256684492,0
MD,2018,raw,POBP,0,0.0,0
MD,2018,raw,RELP,0,0.0,23036
MD,2018,raw,WKHP,26555,0.44376671122994654,0
MD,2018,raw,SEX,0,0.0,0
MD,2018,raw,RAC1P,0,0.0,0
MD,2018,raw,PINCP,9866,0.16487299465240643,5552
MD,2018,raw,PWGTP,0,0.0,0
MD,2018,filtered,AGEP,0,0.0,0
MD,2018,filtered,COW,0,0.0,0
MD,2018,filtered,SCHL,0,0.0,0
MD,2018,filtered,MAR,0,0.0,0
MD,2018,filtered,OCCP,0,0.0,0
MD,2018,filtered,POBP,0,0.0,0
MD,2018,filtered,RELP,0,0.0,16317
MD,2018,filtered,WKHP,0,0.0,0
MD,2018,filtered,SEX,0,0.0,0
MD,2018,filtered,RAC1P,0,0.0,0
MD,2018,filtered,PINCP,0,0.0,0
MD,2018,filtered,PWGTP,0,0.0,0
MA,2018,raw,AGEP,0,0.0,563
MA,2018,raw,COW,24972,0.35607648543440135,0
MA,2018,raw,SCHL,1800,0.025666253154810283,0
MA,2018,raw,MAR,0,0.0,0
MA,2018,raw,OCCP,24972,0.35607648543440135,0
MA,2018,raw,POBP,0,0.0,0
MA,2018,raw,RELP,0,0.0,27182
MA,2018,raw,WKHP,29659,0.4229085568436212,0
MA,2018,raw,SEX,0,0.0,0
MA,2018,raw,RAC1P,0,0.0,0
MA,2018,raw,PINCP,10172,0.14504284838373901,6106
MA,2018,raw,PWGTP,0,0.0,0
MA,2018,filtered,AGEP,0,0.0,0
MA,2018,filtered,COW,0,0.0,0
MA,2018,filtered,SCHL,0,0.0,0
MA,2018,filtered,MAR,0,0.0,0
MA,2018,filtered,OCCP,0,0.0,0
MA,2018,filtered,POBP,0,0.0,0
MA,2018,filtered,RELP,0,0.0,18913
MA,2018,filtered,WKHP,0,0.0,0
MA,2018,filtered,SEX,0,0.0,0
MA,2018,filtered,RAC1P,0,0.0,0
MA,2018,filtered,PINCP,0,0.0,0
MA,2018,filtered,PWGTP,0,0.0,0
MI,2018,raw,AGEP,0,0.0,843
MI,2018,raw,COW,41467,0.41709331214355405,0
MI,2018,raw,SCHL,2731,0.02746959836650942,0
MI,2018,raw,MAR,0,0.0,0
MI,2018,raw,OCCP,41467,0.41709331214355405,0
MI,2018,raw,POBP,0,0.0,0
MI,2018,raw,RELP,0,0.0,40567
MI,2018,raw,WKHP,48908,0.49193816071374685,0
MI,2018,raw,SEX,0,0.0,0
MI,2018,raw,RAC1P,0,0.0,0
MI,2018,raw,PINCP,15805,0.1589736368299822,9002
MI,2018,raw,PWGTP,0,0.0,0
MI,2018,filtered,AGEP,0,0.0,0
MI,2018,filtered,COW,0,0.0,0
MI,2018,filtered,SCHL,0,0.0,0
MI,2018,filtered,MAR,0,0.0,0
MI,2018,filtered,OCCP,0,0.0,0
MI,2018,filtered,POBP,0,0.0,0
MI,2018,filtered,RELP,0,0.0,25067
MI,2018,filtered,WKHP,0,0.0,0
MI,2018,filtered,SEX,0,0.0,0
MI,2018,filtered,RAC1P,0,0.0,0
MI,2018,filtered,PINCP,0,0.0,0
MI,2018,filtered,PWGTP,0,0.0,0
MN,2018,raw,AGEP,0,0.0,566
MN,2018,raw,COW,20566,0.36867862969004894,0
MN,2018,raw,SCHL,1829,0.03278776688238352,0
MN,2018,raw,MAR,0,0.0,0
MN,2018,raw,OCCP,20566,0.36867862969004894,0
MN,2018,raw,POBP,0,0.0,0
MN,2018,raw,RELP,0,0.0,22143
MN,2018,raw,WKHP,24345,0.43642328307907424,0
MN,2018,raw,SEX,0,0.0,0
MN,2018,raw,RAC1P,0,0.0,0
MN,2018,raw,PINCP,9757,0.17490991879246365,3416
MN,2018,raw,PWGTP,0,0.0,0
MN,2018,filtered,AGEP,0,0.0,0
MN,2018,filtered,COW,0,0.0,0
MN,2018,filtered,SCHL,0,0.0,0
MN,2018,filtered,MAR,0,0.0,0
MN,2018,filtered,OCCP,0,0.0,0
MN,2018,filtered,POBP,0,0.0,0
MN,2018,filtered,RELP,0,0.0,15470
MN,2018,filtered,WKHP,0,0.0,0
MN,2018,filtered,SEX,0,0.0,0
MN,2018,filtered,RAC1P,0,0.0,0
MN,2018,filtered,PINCP,0,0.0,0
MN,2018,filtered,PWGTP,0,0.0,0
MS,2018,raw,AGEP,0,0.0,290
MS,2018,raw,COW,13575,0.4661104243922538,0
MS,2018,raw,SCHL,885,0.0303873094355171,0
MS,2018,raw,MAR,0,0.0,0
MS,2018,raw,OCCP,13575,0.4661104243922538,0
MS,2018,raw,POBP,0,0.0,0
MS,2018,raw,RELP,0,0.0,11729
MS,2018,raw,WKHP,15832,0.5436066474385387,0
MS,2018,raw,SEX,0,0.0,0
MS,2018,raw,RAC1P,0,0.0,0
MS,2018,raw,PINCP,4922,0.16900151078148606,3569
MS,2018,raw,PWGTP,0,0.0,0
MS,2018,filtered,AGEP,0,0.0,0
MS,2018,filtered,COW,0,0.0,0
MS,2018,filtered,SCHL,0,0.0,0
MS,2018,filtered,MAR,0,0.0,0
MS,2018,filtered,OCCP,0,0.0,0
MS,2018,filtered,POBP,0,0.0,0
MS,2018,filtered,RELP,0,0.0,6860
MS,2018,filtered,WKHP,0,0.0,0
MS,2018,filtered,SEX,0,0.0,0
MS,2018,filtered,RAC1P,0,0.0,0
MS,2018,filtered,PINCP,0,0.0,0
MS,2018,filtered,PWGTP,0,0.0,0
MO,2018,raw,AGEP,0,0.0,655
MO,2018,raw,COW,25879,0.414621250961292,0
MO,2018,raw,SCHL,1952,0.031274032299410406,0
MO,2018,raw,MAR,0,0.0,0
MO,2018,raw,OCCP,25879,0.414621250961292,0
MO,2018,raw,POBP,0,0.0,0
MO,2018,raw,RELP,0,0.0,25325
MO,2018,raw,WKHP,30406,0.48715073058190206,0
MO,2018,raw,SEX,0,0.0,0
MO,2018,raw,RAC1P,0,0.0,0
MO,2018,raw,PINCP,10574,0.1694116893104332,5559
MO,2018,raw,PWGTP,0,0.0,0
MO,2018,filtered,AGEP,0,0.0,0
MO,2018,filtered,COW,0,0.0,0
MO,2018,filtered,SCHL,0,0.0,0
MO,2018,filtered,MAR,0,0.0,0
MO,2018,filtered,OCCP,0,0.0,0
MO,2018,filtered,POBP,0,0.0,0
MO,2018,filtered,RELP,0,0.0,16125
MO,2018,filtered,WKHP,0,0.0,0
MO,2018,filtered,SEX,0,0.0,0
MO,2018,filtered,RAC1P,0,0.0,0
MO,2018,filtered,PINCP,0,0.0,0
MO,2018,filtered,PWGTP,0,0.0,0
MT,2018,raw,AGEP,0,0.0,89
MT,2018,raw,COW,4029,0.38980263157894735,0
MT,2018,raw,SCHL,280,0.027089783281733747,0
MT,2018,raw,MAR,0,0.0,0
MT,2018,raw,OCCP,4029,0.38980263157894735,0
MT,2018,raw,POBP,0,0.0,0
MT,2018,raw,RELP,0,0.0,4304
MT,2018,raw,WKHP,4790,0.46342879256965946,0
MT,2018,raw,SEX,0,0.0,0
MT,2018,raw,RAC1P,0,0.0,0
MT,2018,raw,PINCP,1741,0.1684404024767802,721
MT,2018,raw,PWGTP,0,0.0,0
MT,2018,filtered,AGEP,0,0.0,0
MT,2018,filtered,COW,0,0.0,0
MT,2018,filtered,SCHL,0,0.0,0
MT,2018,filtered,MAR,0,0.0,0
MT,2018,filtered,OCCP,0,0.0,0
MT,2018,filtered,POBP,0,0.0,0
MT,2018,filtered,RELP,0,0.0,2839
MT,2018,filtered,WKHP,0,0.0,0
MT,2018,filtered,SEX,0,0.0,0
MT,2018,filtered,RAC1P,0,0.0,0
MT,2018,filtered,PINCP,0,0.0,0
MT,2018,filtered,PWGTP,0,0.0,0
NE,2018,raw,AGEP,0,0.0,216
NE,2018,raw,COW,7177,0.3689784586910699,0
NE,2018,raw,SCHL,672,0.03454835226980618,0
NE,2018,raw,MAR,0,0.0,0
NE,2018,raw,OCCP,7177,0.3689784586910699,0
NE,2018,raw,POBP,0,0.0,0
NE,2018,raw,RELP,0,0.0,7843
NE,2018,raw,WKHP,8515,0.4377666957997018,0
NE,2018,raw,SEX,0,0.0,0
NE,2018,raw,RAC1P,0,0.0,0
NE,2018,raw,PINCP,3594,0.18477199115726697,1294
NE,2018,raw,PWGTP,0,0.0,0
NE,2018,filtered,AGEP,0,0.0,0
NE,2018,filtered,COW,0,0.0,0
NE,2018,filtered,SCHL,0,0.0,0
NE,2018,filtered,MAR,0,0.0,0
NE,2018,filtered,OCCP,0,0.0,0
NE,2018,filtered,POBP,0,0.0,0
NE,2018,filtered,RELP,0,0.0,5544
NE,2018,filtered,WKHP,0,0.0,0
NE,2018,filtered,SEX,0,0.0,0
NE,2018,filtered,RAC1P,0,0.0,0
NE,2018,filtered,PINCP,0,0.0,0
NE,2018,filtered,PWGTP,0,0.0,0
NV,2018,raw,AGEP,0,0.0,246
NV,2018,raw,COW,11804,0.4080616724859128,0
NV,2018,raw,SCHL,821,0.028381788640370588,0
NV,2018,raw,MAR,0,0.0,0
NV,2018,raw,OCCP,11804,0.4080616724859128,0
NV,2018,raw,POBP,0,0.0,0
NV,2018,raw,RELP,0,0.0,11653
NV,2018,raw,WKHP,14038,0.485290558993328,0
NV,2018,raw,SEX,0,0.0,0
NV,2018,raw,RAC1P,0,0.0,0
NV,2018,raw,PINCP,4932,0.1704981505168182,3065
NV,2018,raw,PWGTP,0,0.0,0
NV,2018,filtered,AGEP,0,0.0,0
NV,2018,filtered,COW,0,0.0,0
NV,2018,filtered,SCHL,0,0.0,0
NV,2018,filtered,MAR,0,0.0,0
NV,2018,filtered,OCCP,0,0.0,0
NV,2018,filtered,POBP,0,0.0,0
NV,2018,filtered,RELP,0,0.0,7607
NV,2018,filtered,WKHP,0,0.0,0
NV,2018,filtered,SEX,0,0.0,0
NV,2018,filtered,RAC1P,0,0.0,0
NV,2018,filtered,PINCP,0,0.0,0
NV,2018,filtered,PWGTP,0,0.0,0
NH,2018,raw,AGEP,0,0.0,110
NH,2018,raw,COW,4812,0.34920174165457185,0
NH,2018,raw,SCHL,333,0.02416545718432511,0
NH,2018,raw,MAR,0,0.0,0
NH,2018,raw,OCCP,4812,0.34920174165457185,0
NH,2018,raw,POBP,0,0.0,0
NH,2018,raw,RELP,0,0.0,5529
NH,2018,raw,WKHP,5718,0.41494920174165456,0
NH,2018,raw,SEX,0,0.0,0
NH,2018,raw,RAC1P,0,0.0,0
NH,2018,raw,PINCP,1919,0.13925979680696662,974
NH,2018,raw,PWGTP,0,0.0,0
NH,2018,filtered,AGEP,0,0.0,0
NH,2018,filtered,COW,0,0.0,0
NH,2018,filtered,SCHL,0,0.0,0
NH,2018,filtered,MAR,0,0.0,0
NH,2018,filtered,OCCP,0,0.0,0
NH,2018,filtered,POBP,0,0.0,0
NH,2018,filtered,RELP,0,0.0,3816
NH,2018,filtered,WKHP,0,0.0,0
NH,2018,filtered,SEX,0,0.0,0
NH,2018,filtered,RAC1P,0,0.0,0
NH,2018,filtered,PINCP,0,0.0,0
NH,2018,filtered,PWGTP,0,0.0,0
NJ,2018,raw,AGEP,0,0.0,759
NJ,2018,raw,COW,34708,0.3918000587000203,0
NJ,2018,raw,SCHL,2450,0.02765674034271781,0
NJ,2018,raw,MAR,0,0.0,0
NJ,2018,raw,OCCP,34708,0.3918000587000203,0
NJ,2018,raw,POBP,0,0.0,0
NJ,2018,raw,RELP,0,0.0,33287
NJ,2018,raw,WKHP,40456,0.4566861580836701,0
NJ,2018,raw,SEX,0,0.0,0
NJ,2018,raw,RAC1P,0,0.0,0
NJ,2018,raw,PINCP,14040,0.15849005486194206,9484
NJ,2018,raw,PWGTP,0,0.0,0
NJ,2018,filtered,AGEP,0,0.0,0
NJ,2018,filtered,COW,0,0.0,0
NJ,2018,filtered,SCHL,0,0.0,0
NJ,2018,filtered,MAR,0,0.0,0
NJ,2018,filtered,OCCP,0,0.0,0
NJ,2018,filtered,POBP,0,0.0,0
NJ,2018,filtered,RELP,0,0.0,22964
NJ,2018,filtered,WKHP,0,0.0,0
NJ,2018,filtered,SEX,0,0.0,0
NJ,2018,filtered,RAC1P,0,0.0,0
NJ,2018,filtered,PINCP,0,0.0,0
NJ,2018,filtered,PWGTP,0,0.0,0
NM,2018,raw,AGEP,0,0.0,163
NM,2018,raw,COW,8874,0.4610588663168286,0
NM,2018,raw,SCHL,502,0.02608198680313815,0
NM,2018,raw,MAR,0,0.0,0
NM,2018,raw,OCCP,8874,0.4610588663168286,0
NM,2018,raw,POBP,0,0.0,0
NM,2018,raw,RELP,0,0.0,7912
NM,2018,raw,WKHP,10471,0.5440328362861745,0
NM,2018,raw,SEX,0,0.0,0
NM,2018,raw,RAC1P,0,0.0,0
NM,2018,raw,PINCP,3134,0.16283057099807763,2530
NM,2018,raw,PWGTP,0,0.0,0
NM,2018,filtered,AGEP,0,0.0,0
NM,2018,filtered,COW,0,0.0,0
NM,2018,filtered,SCHL,0,0.0,0
NM,2018,filtered,MAR,0,0.0,0
NM,2018,filtered,OCCP,0,0.0,0
NM,2018,filtered,POBP,0,0.0,0
NM,2018,filtered,RELP,0,0.0,4546
NM,2018,filtered,WKHP,0,0.0,0
NM,2018,filtered,SEX,0,0.0,0
NM,2018,filtered,RAC1P,0,0.0,0
NM,2018,filtered,PINCP,0,0.0,0
NM,2018,filtered,PWGTP,0,0.0,0
NY,2018,raw,AGEP,0,0.0,1768
NY,2018,raw,COW,79753,0.4049053902430356,0
NY,2018,raw,SCHL,5595,0.02840577355597638,0
NY,2018,raw,MAR,0,0.0,0
NY,2018,raw,OCCP,79753,0.4049053902430356,0
NY,2018,raw,POBP,0,0.0,0
NY,2018,raw,RELP,0,0.0,75368
NY,2018,raw,WKHP,93211,0.47323155655515897,0
NY,2018,raw,SEX,0,0.0,0
NY,2018,raw,RAC1P,0,0.0,0
NY,2018,raw,PINCP,30649,0.15560474597267562,21330
NY,2018,raw,PWGTP,0,0.0,0
NY,2018,filtered,AGEP,0,0.0,0
NY,2018,filtered,COW,0,0.0,0
NY,2018,filtered,SCHL,0,0.0,0
NY,2018,filtered,MAR,0,0.0,0
NY,2018,filtered,OCCP,0,0.0,0
NY,2018,filtered,POBP,0,0.0,0
NY,2018,filtered,RELP,0,0.0,49564
NY,2018,filtered,WKHP,0,0.0,0
NY,2018,filtered,SEX,0,0.0,0
NY,2018,filtered,RAC1P,0,0.0,0
NY,2018,filtered,PINCP,0,0.0,0
NY,2018,filtered,PWGTP,0,0.0,0
NC,2018,raw,AGEP,0,0.0,943
NC,2018,raw,COW,42454,0.414092447548355,0
NC,2018,raw,SCHL,3017,0.02942754308789247,0
NC,2018,raw,MAR,0,0.0,0
NC,2018,raw,OCCP,42454,0.414092447548355,0
NC,2018,raw,POBP,0,0.0,0
NC,2018,raw,RELP,0,0.0,41673
NC,2018,raw,WKHP,50033,0.4880173229421691,0
NC,2018,raw,SEX,0,0.0,0
NC,2018,raw,RAC1P,0,0.0,0
NC,2018,raw,PINCP,16477,0.16071515659900706,10386
NC,2018,raw,PWGTP,0,0.0,0
NC,2018,filtered,AGEP,0,0.0,0
NC,2018,filtered,COW,0,0.0,0
NC,2018,filtered,SCHL,0,0.0,0
NC,2018,filtered,MAR,0,0.0,0
NC,2018,filtered,OCCP,0,0.0,0
NC,2018,filtered,POBP,0,0.0,0
NC,2018,filtered,RELP,0,0.0,26727
NC,2018,filtered,WKHP,0,0.0,0
NC,2018,filtered,SEX,0,0.0,0
NC,2018,filtered,RAC1P,0,0.0,0
NC,2018,filtered,PINCP,0,0.0,0
NC,2018,filtered,PWGTP,0,0.0,0
ND,2018,raw,AGEP,0,0.0,99
ND,2018,raw,COW,2837,0.36020822752666326,0
ND,2018,raw,SCHL,291,0.036947689182326056,0
ND,2018,raw,MAR,0,0.0,0
ND,2018,raw,OCCP,2837,0.36020822752666326,0
ND,2018,raw,POBP,0,0.0,0
ND,2018,raw,RELP,0,0.0,3277
ND,2018,raw,WKHP,3370,0.4278821736922296,0
ND,2018,raw,SEX,0,0.0,0
ND,2018,raw,RAC1P,0,0.0,0
ND,2018,raw,PINCP,1401,0.17788217369222956,504
ND,2018,raw,PWGTP,0,0.0,0
ND,2018,filtered,AGEP,0,0.0,0
ND,2018,filtered,COW,0,0.0,0
ND,2018,filtered,SCHL,0,0.0,0
ND,2018,filtered,MAR,0,0.0,0
ND,2018,filtered,OCCP,0,0.0,0
ND,2018,filtered,POBP,0,0.0,0
ND,2018,filtered,RELP,0,0.0,2327
ND,2018,filtered,WKHP,0,0.0,0
ND,2018,filtered,SEX,0,0.0,0
ND,2018,filtered,RAC1P,0,0.0,0
ND,2018,filtered,PINCP,0,0.0,0
ND,2018,filtered,PWGTP,0,0.0,0
OH,2018,raw,AGEP,0,0.0,1200
OH,2018,raw,COW,47753,0.40099591891574154,0
OH,2018,raw,SCHL,3617,0.030373007742303882,0
OH,2018,raw,MAR,0,0.0,0
OH,2018,raw,OCCP,47753,0.40099591891574154,0
OH,2018,raw,POBP,0,0.0,0
OH,2018,raw,RELP,0,0.0,48708
OH,2018,raw,WKHP,56361,0.4732798145877769,0
OH,2018,raw,SEX,0,0.0,0
OH,2018,raw,RAC1P,0,0.0,0
OH,2018,raw,PINCP,19713,0.16553583124800564,9937
OH,2018,raw,PWGTP,0,0.0,0
OH,2018,filtered,AGEP,0,0.0,0
OH,2018,filtered,COW,0,0.0,0
OH,2018,filtered,SCHL,0,0.0,0
OH,2018,filtered,MAR,0,0.0,0
OH,2018,filtered,OCCP,0,0.0,0
OH,2018,filtered,POBP,0,0.0,0
OH,2018,filtered,RELP,0,0.0,31612
OH,2018,filtered,WKHP,0,0.0,0
OH,2018,filtered,SEX,0,0.0,0
OH,2018,filtered,RAC1P,0,0.0,0
OH,2018,filtered,PINCP,0,0.0,0
OH,2018,filtered,PWGTP,0,0.0,0
OK,2018,raw,AGEP,0,0.0,389
OK,2018,raw,COW,16769,0.44541542711432214,0
OK,2018,raw,SCHL,1220,0.0324054398640034,0
OK,2018,raw,MAR,0,0.0,0
OK,2018,raw,OCCP,16769,0.44541542711432214,0
OK,2018,raw,POBP,0,0.0,0
OK,2018,raw,RELP,0,0.0,14568
OK,2018,raw,WKHP,19552,0.5193370165745856,0
OK,2018,raw,SEX,0,0.0,0
OK,2018,raw,RAC1P,0,0.0,0
OK,2018,raw,PINCP,7111,0.18888121546961326,4169
OK,2018,raw,PWGTP,0,0.0,0
OK,2018,filtered,AGEP,0,0.0,0
OK,2018,filtered,COW,0,0.0,0
OK,2018,filtered,SCHL,0,0.0,0
OK,2018,filtered,MAR,0,0.0,0
OK,2018,filtered,OCCP,0,0.0,0
OK,2018,filtered,POBP,0,0.0,0
OK,2018,filtered,RELP,0,0.0,9118
OK,2018,filtered,WKHP,0,0.0,0
OK,2018,filtered,SEX,0,0.0,0
OK,2018,filtered,RAC1P,0,0.0,0
OK,2018,filtered,PINCP,0,0.0,0
OK,2018,filtered,PWGTP,0,0.0,0
OR,2018,raw,AGEP,0,0.0,382
OR,2018,raw,COW,16569,0.39340408861029985,0
OR,2018,raw,SCHL,1219,0.028943182087992972,0
OR,2018,raw,MAR,0,0.0,0
OR,2018,raw,OCCP,16569,0.39340408861029985,0
OR,2018,raw,POBP,0,0.0,0
OR,2018,raw,RELP,0,0.0,16807
OR,2018,raw,WKHP,20002,0.47491511741102166,0
OR,2018,raw,SEX,0,0.0,0
OR,2018,raw,RAC1P,0,0.0,0
OR,2018,raw,PINCP,6677,0.1585345584918204,3532
OR,2018,raw,PWGTP,0,0.0,0
OR,2018,filtered,AGEP,0,0.0,0
OR,2018,filtered,COW,0,0.0,0
OR,2018,filtered,SCHL,0,0.0,0
OR,2018,filtered,MAR,0,0.0,0
OR,2018,filtered,OCCP,0,0.0,0
OR,2018,filtered,POBP,0,0.0,0
OR,2018,filtered,RELP,0,0.0,10769
OR,2018,filtered,WKHP,0,0.0,0
OR,2018,filtered,SEX,0,0.0,0
OR,2018,filtered,RAC1P,0,0.0,0
OR,2018,filtered,PINCP,0,0.0,0
OR,2018,filtered,PWGTP,0,0.0,0
PA,2018,raw,AGEP,0,0.0,1086
PA,2018,raw,COW,50340,0.39003300636883453,0
PA,2018,raw,SCHL,3415,0.02645933088497358,0
PA,2018,raw,MAR,0,0.0,0
PA,2018,raw,OCCP,50340,0.39003300636883453,0
PA,2018,raw,POBP,0,0.0,0
PA,2018,raw,RELP,0,0.0,51981
PA,2018,raw,WKHP,60106,0.46569971952334466,0
PA,2018,raw,SEX,0,0.0,0
PA,2018,raw,RAC1P,0,0.0,0
PA,2018,raw,PINCP,19494,0.15103900330063688,10792
PA,2018,raw,PWGTP,0,0.0,0
PA,2018,filtered,AGEP,0,0.0,0
PA,2018,filtered,COW,0,0.0,0
PA,2018,filtered,SCHL,0,0.0,0
PA,2018,filtered,MAR,0,0.0,0
PA,2018,filtered,OCCP,0,0.0,0
PA,2018,filtered,POBP,0,0.0,0
PA,2018,filtered,RELP,0,0.0,33304
PA,2018,filtered,WKHP,0,0.0,0
PA,2018,filtered,SEX,0,0.0,0
PA,2018,filtered,RAC1P,0,0.0,0
PA,2018,filtered,PINCP,0,0.0,0
PA,2018,filtered,PWGTP,0,0.0,0
RI,2018,raw,AGEP,0,0.0,74
RI,2018,raw,COW,3922,0.3739155305558204,0
RI,2018,raw,SCHL,251,0.023929831251787586,0
RI,2018,raw,MAR,0,0.0,0
RI,2018,raw,OCCP,3922,0.3739155305558204,0
RI,2018,raw,POBP,0,0.0,0
RI,2018,raw,RELP,0,0.0,4257
RI,2018,raw,WKHP,4734,0.45132996472494996,0
RI,2018,raw,SEX,0,0.0,0
RI,2018,raw,RAC1P,0,0.0,0
RI,2018,raw,PINCP,1515,0.14443702926875773,800
RI,2018,raw,PWGTP,0,0.0,0
RI,2018,filtered,AGEP,0,0.0,0
RI,2018,filtered,COW,0,0.0,0
RI,2018,filtered,SCHL,0,0.0,0
RI,2018,filtered,MAR,0,0.0,0
RI,2018,filtered,OCCP,0,0.0,0
RI,2018,filtered,POBP,0,0.0,0
RI,2018,filtered,RELP,0,0.0,2765
RI,2018,filtered,WKHP,0,0.0,0
RI,2018,filtered,SEX,0,0.0,0
RI,2018,filtered,RAC1P,0,0.0,0
RI,2018,filtered,PINCP,0,0.0,0
RI,2018,filtered,PWGTP,0,0.0,0
SC,2018,raw,AGEP,0,0.0,455
SC,2018,raw,COW,20907,0.4196675900277008,0
SC,2018,raw,SCHL,1414,0.02838331526757397,0
SC,2018,raw,MAR,0,0.0,0
SC,2018,raw,OCCP,20907,0.4196675900277008,0
SC,2018,raw,POBP,0,0.0,0
SC,2018,raw,RELP,0,0.0,20433
SC,2018,raw,WKHP,24739,0.4965875787867839,0
SC,2018,raw,SEX,0,0.0,0
SC,2018,raw,RAC1P,0,0.0,0
SC,2018,raw,PINCP,7695,0.15446224256292906,4954
SC,2018,raw,PWGTP,0,0.0,0
SC,2018,filtered,AGEP,0,0.0,0
SC,2018,filtered,COW,0,0.0,0
SC,2018,filtered,SCHL,0,0.0,0
SC,2018,filtered,MAR,0,0.0,0
SC,2018,filtered,OCCP,0,0.0,0
SC,2018,filtered,POBP,0,0.0,0
SC,2018,filtered,RELP,0,0.0,12563
SC,2018,filtered,WKHP,0,0.0,0
SC,2018,filtered,SEX,0,0.0,0
SC,2018,filtered,RAC1P,0,0.0,0
SC,2018,filtered,PINCP,0,0.0,0
SC,2018,filtered,PWGTP,0,0.0,0
SD,2018,raw,AGEP,0,0.0,109
SD,2018,raw,COW,3469,0.38604495882483864,0
SD,2018,raw,SCHL,343,0.03817048742488315,0
SD,2018,raw,MAR,0,0.0,0
SD,2018,raw,OCCP,3469,0.38604495882483864,0
SD,2018,raw,POBP,0,0.0,0
SD,2018,raw,RELP,0,0.0,3526
SD,2018,raw,WKHP,4018,0.4471399955486312,0
SD,2018,raw,SEX,0,0.0,0
SD,2018,raw,RAC1P,0,0.0,0
SD,2018,raw,PINCP,1875,0.2086579123080347,555
SD,2018,raw,PWGTP,0,0.0,0
SD,2018,filtered,AGEP,0,0.0,0
SD,2018,filtered,COW,0,0.0,0
SD,2018,filtered,SCHL,0,0.0,0
SD,2018,filtered,MAR,0,0.0,0
SD,2018,filtered,OCCP,0,0.0,0
SD,2018,filtered,POBP,0,0.0,0
SD,2018,filtered,RELP,0,0.0,2521
SD,2018,filtered,WKHP,0,0.0,0
SD,2018,filtered,SEX,0,0.0,0
SD,2018,filtered,RAC1P,0,0.0,0
SD,2018,filtered,PINCP,0,0.0,0
SD,2018,filtered,PWGTP,0,0.0,0
TN,2018,raw,AGEP,0,0.0,648
TN,2018,raw,COW,28290,0.4163355408388521,0
TN,2018,raw,SCHL,2026,0.029816041206769683,0
TN,2018,raw,MAR,0,0.0,0
TN,2018,raw,OCCP,28290,0.4163355408388521,0
TN,2018,raw,POBP,0,0.0,0
TN,2018,raw,RELP,0,0.0,27440
TN,2018,raw,WKHP,33666,0.4954525386313466,0
TN,2018,raw,SEX,0,0.0,0
TN,2018,raw,RAC1P,0,0.0,0
TN,2018,raw,PINCP,11311,0.16646063281824872,6974
TN,2018,raw,PWGTP,0,0.0,0
TN,2018,filtered,AGEP,0,0.0,0
TN,2018,filtered,COW,0,0.0,0
TN,2018,filtered,SCHL,0,0.0,0
TN,2018,filtered,MAR,0,0.0,0
TN,2018,filtered,OCCP,0,0.0,0
TN,2018,filtered,POBP,0,0.0,0
TN,2018,filtered,RELP,0,0.0,17340
TN,2018,filtered,WKHP,0,0.0,0
TN,2018,filtered,SEX,0,0.0,0
TN,2018,filtered,RAC1P,0,0.0,0
TN,2018,filtered,PINCP,0,0.0,0
TN,2018,filtered,PWGTP,0,0.0,0
TX,2018,raw,AGEP,0,0.0,2797
TX,2018,raw,COW,112160,0.4183513614323014,0
TX,2018,raw,SCHL,8886,0.0331443491234614,0
TX,2018,raw,MAR,0,0.0,0
TX,2018,raw,OCCP,112160,0.4183513614323014,0
TX,2018,raw,POBP,0,0.0,0
TX,2018,raw,RELP,0,0.0,100669
TX,2018,raw,WKHP,131149,0.4891794106676613,0
TX,2018,raw,SEX,0,0.0,0
TX,2018,raw,RAC1P,0,0.0,0
TX,2018,raw,PINCP,50035,0.18662812383439015,33786
TX,2018,raw,PWGTP,0,0.0,0
TX,2018,filtered,AGEP,0,0.0,0
TX,2018,filtered,COW,0,0.0,0
TX,2018,filtered,SCHL,0,0.0,0
TX,2018,filtered,MAR,0,0.0,0
TX,2018,filtered,OCCP,0,0.0,0
TX,2018,filtered,POBP,0,0.0,0
TX,2018,filtered,RELP,0,0.0,68821
TX,2018,filtered,WKHP,0,0.0,0
TX,2018,filtered,SEX,0,0.0,0
TX,2018,filtered,RAC1P,0,0.0,0
TX,2018,filtered,PINCP,0,0.0,0
TX,2018,filtered,PWGTP,0,0.0,0
UT,2018,raw,AGEP,0,0.0,447
UT,2018,raw,COW,13079,0.41385311521058127,0
UT,2018,raw,SCHL,1371,0.04338195740910673,0
UT,2018,raw,MAR,0,0.0,0
UT,2018,raw,OCCP,13079,0.41385311521058127,0
UT,2018,raw,POBP,0,0.0,0
UT,2018,raw,RELP,0,0.0,10149
UT,2018,raw,WKHP,14991,0.4743537005980445,0
UT,2018,raw,SEX,0,0.0,0
UT,2018,raw,RAC1P,0,0.0,0
UT,2018,raw,PINCP,7520,0.23795209315571306,3101
UT,2018,raw,PWGTP,0,0.0,0
UT,2018,filtered,AGEP,0,0.0,0
UT,2018,filtered,COW,0,0.0,0
UT,2018,filtered,SCHL,0,0.0,0
UT,2018,filtered,MAR,0,0.0,0
UT,2018,filtered,OCCP,0,0.0,0
UT,2018,filtered,POBP,0,0.0,0
UT,2018,filtered,RELP,0,0.0,7299
UT,2018,filtered,WKHP,0,0.0,0
UT,2018,filtered,SEX,0,0.0,0
UT,2018,filtered,RAC1P,0,0.0,0
UT,2018,filtered,PINCP,0,0.0,0
UT,2018,filtered,PWGTP,0,0.0,0
VT,2018,raw,AGEP,0,0.0,45
VT,2018,raw,COW,2158,0.3353014294592915,0
VT,2018,raw,SCHL,168,0.02610316967060286,0
VT,2018,raw,MAR,0,0.0,0
VT,2018,raw,OCCP,2158,0.3353014294592915,0
VT,2018,raw,POBP,0,0.0,0
VT,2018,raw,RELP,0,0.0,2714
VT,2018,raw,WKHP,2624,0.4077066500932256,0
VT,2018,raw,SEX,0,0.0,0
VT,2018,raw,RAC1P,0,0.0,0
VT,2018,raw,PINCP,879,0.13657551274083282,359
VT,2018,raw,PWGTP,0,0.0,0
VT,2018,filtered,AGEP,0,0.0,0
VT,2018,filtered,COW,0,0.0,0
VT,2018,filtered,SCHL,0,0.0,0
VT,2018,filtered,MAR,0,0.0,0
VT,2018,filtered,OCCP,0,0.0,0
VT,2018,filtered,POBP,0,0.0,0
VT,2018,filtered,RELP,0,0.0,1871
VT,2018,filtered,WKHP,0,0.0,0
VT,2018,filtered,SEX,0,0.0,0
VT,2018,filtered,RAC1P,0,0.0,0
VT,2018,filtered,PINCP,0,0.0,0
VT,2018,filtered,PWGTP,0,0.0,0
VA,2018,raw,AGEP,0,0.0,851
VA,2018,raw,COW,32312,0.381240044835113,0
VA,2018,raw,SCHL,2601,0.030688454958409533,0
VA,2018,raw,MAR,0,0.0,0
VA,2018,raw,OCCP,32312,0.381240044835113,0
VA,2018,raw,POBP,0,0.0,0
VA,2018,raw,RELP,0,0.0,33166
VA,2018,raw,WKHP,38257,0.45138339920948617,0
VA,2018,raw,SEX,0,0.0,0
VA,2018,raw,RAC1P,0,0.0,0
VA,2018,raw,PINCP,14119,0.16658604212140876,7823
VA,2018,raw,PWGTP,0,0.0,0
VA,2018,filtered,AGEP,0,0.0,0
VA,2018,filtered,COW,0,0.0,0
VA,2018,filtered,SCHL,0,0.0,0
VA,2018,filtered,MAR,0,0.0,0
VA,2018,filtered,OCCP,0,0.0,0
VA,2018,filtered,POBP,0,0.0,0
VA,2018,filtered,RELP,0,0.0,22889
VA,2018,filtered,WKHP,0,0.0,0
VA,2018,filtered,SEX,0,0.0,0
VA,2018,filtered,RAC1P,0,0.0,0
VA,2018,filtered,PINCP,0,0.0,0
VA,2018,filtered,PWGTP,0,0.0,0
WA,2018,raw,AGEP,0,0.0,734
WA,2018,raw,COW,30062,0.3943850442768121,0
WA,2018,raw,SCHL,2355,0.030895375532961625,0
WA,2018,raw,MAR,0,0.0,0
WA,2018,raw,OCCP,30062,0.3943850442768121,0
WA,2018,raw,POBP,0,0.0,0
WA,2018,raw,RELP,0,0.0,29651
WA,2018,raw,WKHP,35972,0.47191866185634634,0
WA,2018,raw,SEX,0,0.0,0
WA,2018,raw,RAC1P,0,0.0,0
WA,2018,raw,PINCP,13048,0.17117743522466383,6886
WA,2018,raw,PWGTP,0,0.0,0
WA,2018,filtered,AGEP,0,0.0,0
WA,2018,filtered,COW,0,0.0,0
WA,2018,filtered,SCHL,0,0.0,0
WA,2018,filtered,MAR,0,0.0,0
WA,2018,filtered,OCCP,0,0.0,0
WA,2018,filtered,POBP,0,0.0,0
WA,2018,filtered,RELP,0,0.0,19804
WA,2018,filtered,WKHP,0,0.0,0
WA,2018,filtered,SEX,0,0.0,0
WA,2018,filtered,RAC1P,0,0.0,0
WA,2018,filtered,PINCP,0,0.0,0
WA,2018,filtered,PWGTP,0,0.0,0
WV,2018,raw,AGEP,0,0.0,148
WV,2018,raw,COW,8395,0.46468504372855085,0
WV,2018,raw,SCHL,455,0.025185431196723125,0
WV,2018,raw,MAR,0,0.0,0
WV,2018,raw,OCCP,8395,0.46468504372855085,0
WV,2018,raw,POBP,0,0.0,0
WV,2018,raw,RELP,0,0.0,7656
WV,2018,raw,WKHP,9909,0.5484888741281966,0
WV,2018,raw,SEX,0,0.0,0
WV,2018,raw,RAC1P,0,0.0,0
WV,2018,raw,PINCP,2615,0.14474703863611205,1983
WV,2018,raw,PWGTP,0,0.0,0
WV,2018,filtered,AGEP,0,0.0,0
WV,2018,filtered,COW,0,0.0,0
WV,2018,filtered,SCHL,0,0.0,0
WV,2018,filtered,MAR,0,0.0,0
WV,2018,filtered,OCCP,0,0.0,0
WV,2018,filtered,POBP,0,0.0,0
WV,2018,filtered,RELP,0,0.0,4097
WV,2018,filtered,WKHP,0,0.0,0
WV,2018,filtered,SEX,0,0.0,0
WV,2018,filtered,RAC1P,0,0.0,0
WV,2018,filtered,PINCP,0,0.0,0
WV,2018,filtered,PWGTP,0,0.0,0
WI,2018,raw,AGEP,0,0.0,572
WI,2018,raw,COW,22434,0.3749435930005181,0
WI,2018,raw,SCHL,1754,0.029314926545551786,0
WI,2018,raw,MAR,0,0.0,0
WI,2018,raw,OCCP,22434,0.3749435930005181,0
WI,2018,raw,POBP,0,0.0,0
WI,2018,raw,RELP,0,0.0,24228
WI,2018,raw,WKHP,26700,0.44624204034562864,0
WI,2018,raw,SEX,0,0.0,0
WI,2018,raw,RAC1P,0,0.0,0
WI,2018,raw,PINCP,9883,0.16517640766800928,3974
WI,2018,raw,PWGTP,0,0.0,0
WI,2018,filtered,AGEP,0,0.0,0
WI,2018,filtered,COW,0,0.0,0
WI,2018,filtered,SCHL,0,0.0,0
WI,2018,filtered,MAR,0,0.0,0
WI,2018,filtered,OCCP,0,0.0,0
WI,2018,filtered,POBP,0,0.0,0
WI,2018,filtered,RELP,0,0.0,16345
WI,2018,filtered,WKHP,0,0.0,0
WI,2018,filtered,SEX,0,0.0,0
WI,2018,filtered,RAC1P,0,0.0,0
WI,2018,filtered,PINCP,0,0.0,0
WI,2018,filtered,PWGTP,0,0.0,0
WY,2018,raw,AGEP,0,0.0,68
WY,2018,raw,COW,2146,0.37386759581881535,0
WY,2018,raw,SCHL,193,0.03362369337979094,0
WY,2018,raw,MAR,0,0.0,0
WY,2018,raw,OCCP,2146,0.37386759581881535,0
WY,2018,raw,POBP,0,0.0,0
WY,2018,raw,RELP,0,0.0,2384
WY,2018,raw,WKHP,2638,0.45958188153310103,0
WY,2018,raw,SEX,0,0.0,0
WY,2018,raw,RAC1P,0,0.0,0
WY,2018,raw,PINCP,992,0.17282229965156795,432
WY,2018,raw,PWGTP,0,0.0,0
WY,2018,filtered,AGEP,0,0.0,0
WY,2018,filtered,COW,0,0.0,0
WY,2018,filtered,SCHL,0,0.0,0
WY,2018,filtered,MAR,0,0.0,0
WY,2018,filtered,OCCP,0,0.0,0
WY,2018,filtered,POBP,0,0.0,0
WY,2018,filtered,RELP,0,0.0,1590
WY,2018,filtered,WKHP,0,0.0,0
WY,2018,filtered,SEX,0,0.0,0
WY,2018,filtered,RAC1P,0,0.0,0
WY,2018,filtered,PINCP,0,0.0,0
WY,2018,filtered,PWGTP,0,0.0,0
AL,2021,raw,AGEP,0,0.0,413
AL,2021,raw,COW,22524,0.4536830019940782,0
AL,2021,raw,SCHL,1361,0.027413539589501882,0
AL,2021,raw,MAR,0,0.0,0
AL,2021,raw,OCCP,22524,0.4536830019940782,0
AL,2021,raw,POBP,0,0.0,0
AL,2021,raw,RELP,0,0.0,20547
AL,2021,raw,WKHP,26685,0.5374947126714605,0
AL,2021,raw,SEX,0,0.0,0
AL,2021,raw,RAC1P,0,0.0,0
AL,2021,raw,PINCP,7666,0.15441013555703265,5581
AL,2021,raw,PWGTP,0,0.0,0
AL,2021,filtered,AGEP,0,0.0,0
AL,2021,filtered,COW,0,0.0,0
AL,2021,filtered,SCHL,0,0.0,0
AL,2021,filtered,MAR,0,0.0,0
AL,2021,filtered,OCCP,0,0.0,0
AL,2021,filtered,POBP,0,0.0,0
AL,2021,filtered,RELP,0,0.0,11639
AL,2021,filtered,WKHP,0,0.0,0
AL,2021,filtered,SEX,0,0.0,0
AL,2021,filtered,RAC1P,0,0.0,0
AL,2021,filtered,PINCP,0,0.0,0
AL,2021,filtered,PWGTP,0,0.0,0
AK,2021,raw,AGEP,0,0.0,71
AK,2021,raw,COW,2520,0.3930744033692092,0
AK,2021,raw,SCHL,203,0.03166432693807519,0
AK,2021,raw,MAR,0,0.0,0
AK,2021,raw,OCCP,2520,0.3930744033692092,0
AK,2021,raw,POBP,0,0.0,0
AK,2021,raw,RELP,0,0.0,2289
AK,2021,raw,WKHP,3073,0.47933239744189676,0
AK,2021,raw,SEX,0,0.0,0
AK,2021,raw,RAC1P,0,0.0,0
AK,2021,raw,PINCP,1216,0.18967399781625333,344
AK,2021,raw,PWGTP,0,0.0,0
AK,2021,filtered,AGEP,0,0.0,0
AK,2021,filtered,COW,0,0.0,0
AK,2021,filtered,SCHL,0,0.0,0
AK,2021,filtered,MAR,0,0.0,0
AK,2021,filtered,OCCP,0,0.0,0
AK,2021,filtered,POBP,0,0.0,0
AK,2021,filtered,RELP,0,0.0,1566
AK,2021,filtered,WKHP,0,0.0,0
AK,2021,filtered,SEX,0,0.0,0
AK,2021,filtered,RAC1P,0,0.0,0
AK,2021,filtered,PINCP,0,0.0,0
AK,2021,filtered,PWGTP,0,0.0,0
AZ,2021,raw,AGEP,0,0.0,632
AZ,2021,raw,COW,31742,0.4346730571722013,0
AZ,2021,raw,SCHL,1956,0.026785347483738446,0
AZ,2021,raw,MAR,0,0.0,0
AZ,2021,raw,OCCP,31742,0.4346730571722013,0
AZ,2021,raw,POBP,0,0.0,0
AZ,2021,raw,RELP,0,0.0,28523
AZ,2021,raw,WKHP,38409,0.5259705580280726,0
AZ,2021,raw,SEX,0,0.0,0
AZ,2021,raw,RAC1P,0,0.0,0
AZ,2021,raw,PINCP,11509,0.15760356042451215,8828
AZ,2021,raw,PWGTP,0,0.0,0
AZ,2021,filtered,AGEP,0,0.0,0
AZ,2021,filtered,COW,0,0.0,0
AZ,2021,filtered,SCHL,0,0.0,0
AZ,2021,filtered,MAR,0,0.0,0
AZ,2021,filtered,OCCP,0,0.0,0
AZ,2021,filtered,POBP,0,0.0,0
AZ,2021,filtered,RELP,0,0.0,17100
AZ,2021,filtered,WKHP,0,0.0,0
AZ,2021,filtered,SEX,0,0.0,0
AZ,2021,filtered,RAC1P,0,0.0,0
AZ,2021,filtered,PINCP,0,0.0,0
AZ,2021,filtered,PWGTP,0,0.0,0
AR,2021,raw,AGEP,0,0.0,292
AR,2021,raw,COW,13841,0.4605990016638935,0
AR,2021,raw,SCHL,897,0.02985024958402662,0
AR,2021,raw,MAR,0,0.0,0
AR,2021,raw,OCCP,13841,0.4605990016638935,0
AR,2021,raw,POBP,0,0.0,0
AR,2021,raw,RELP,0,0.0,12215
AR,2021,raw,WKHP,16390,0.545424292845258,0
AR,2021,raw,SEX,0,0.0,0
AR,2021,raw,RAC1P,0,0.0,0
AR,2021,raw,PINCP,5079,0.16901830282861896,3529
AR,2021,raw,PWGTP,0,0.0,0
AR,2021,filtered,AGEP,0,0.0,0
AR,2021,filtered,COW,0,0.0,0
AR,2021,filtered,SCHL,0,0.0,0
AR,2021,filtered,MAR,0,0.0,0
AR,2021,filtered,OCCP,0,0.0,0
AR,2021,filtered,POBP,0,0.0,0
AR,2021,filtered,RELP,0,0.0,7009
AR,2021,filtered,WKHP,0,0.0,0
AR,2021,filtered,SEX,0,0.0,0
AR,2021,filtered,RAC1P,0,0.0,0
AR,2021,filtered,PINCP,0,0.0,0
AR,2021,filtered,PWGTP,0,0.0,0
CA,2021,raw,AGEP,0,0.0,3174
CA,2021,raw,COW,157490,0.4079407140322384,0
CA,2021,raw,SCHL,9960,0.02579903175922976,0
CA,2021,raw,MAR,0,0.0,0
CA,2021,raw,OCCP,157490,0.4079407140322384,0
CA,2021,raw,POBP,0,0.0,0
CA,2021,raw,RELP,0,0.0,136810
CA,2021,raw,WKHP,192803,0.49941071488702565,0
CA,2021,raw,SEX,0,0.0,0
CA,2021,raw,RAC1P,0,0.0,0
CA,2021,raw,PINCP,60046,0.1555350061259749,53071
CA,2021,raw,PWGTP,0,0.0,0
CA,2021,filtered,AGEP,0,0.0,0
CA,2021,filtered,COW,0,0.0,0
CA,2021,filtered,SCHL,0,0.0,0
CA,2021,filtered,MAR,0,0.0,0
CA,2021,filtered,OCCP,0,0.0,0
CA,2021,filtered,POBP,0,0.0,0
CA,2021,filtered,RELP,0,0.0,88487
CA,2021,filtered,WKHP,0,0.0,0
CA,2021,filtered,SEX,0,0.0,0
CA,2021,filtered,RAC1P,0,0.0,0
CA,2021,filtered,PINCP,0,0.0,0
CA,2021,filtered,PWGTP,0,0.0,0
CO,2021,raw,AGEP,0,0.0,521
CO,2021,raw,COW,21147,0.3637818031687052,0
CO,2021,raw,SCHL,1581,0.027197192547866025,0
CO,2021,raw,MAR,0,0.0,0
CO,2021,raw,OCCP,21147,0.3637818031687052,0
CO,2021,raw,POBP,0,0.0,0
CO,2021,raw,RELP,0,0.0,23617
CO,2021,raw,WKHP,25784,0.44354991312724706,0
CO,2021,raw,SEX,0,0.0,0
CO,2021,raw,RAC1P,0,0.0,0
CO,2021,raw,PINCP,9080,0.15619893000292442,5320
CO,2021,raw,PWGTP,0,0.0,0
CO,2021,filtered,AGEP,0,0.0,0
CO,2021,filtered,COW,0,0.0,0
CO,2021,filtered,SCHL,0,0.0,0
CO,2021,filtered,MAR,0,0.0,0
CO,2021,filtered,OCCP,0,0.0,0
CO,2021,filtered,POBP,0,0.0,0
CO,2021,filtered,RELP,0,0.0,16175
CO,2021,filtered,WKHP,0,0.0,0
CO,2021,filtered,SEX,0,0.0,0
CO,2021,filtered,RAC1P,0,0.0,0
CO,2021,filtered,PINCP,0,0.0,0
CO,2021,filtered,PWGTP,0,0.0,0
CT,2021,raw,AGEP,0,0.0,296
CT,2021,raw,COW,13875,0.37842629210418655,0
CT,2021,raw,SCHL,903,0.024628392199645438,0
CT,2021,raw,MAR,0,0.0,0
CT,2021,raw,OCCP,13875,0.37842629210418655,0
CT,2021,raw,POBP,0,0.0,0
CT,2021,raw,RELP,0,0.0,14581
CT,2021,raw,WKHP,16978,0.46305741170053183,0
CT,2021,raw,SEX,0,0.0,0
CT,2021,raw,RAC1P,0,0.0,0
CT,2021,raw,PINCP,5260,0.14346106641210965,3319
CT,2021,raw,PWGTP,0,0.0,0
CT,2021,filtered,AGEP,0,0.0,0
CT,2021,filtered,COW,0,0.0,0
CT,2021,filtered,SCHL,0,0.0,0
CT,2021,filtered,MAR,0,0.0,0
CT,2021,filtered,OCCP,0,0.0,0
CT,2021,filtered,POBP,0,0.0,0
CT,2021,filtered,RELP,0,0.0,9445
CT,2021,filtered,WKHP,0,0.0,0
CT,2021,filtered,SEX,0,0.0,0
CT,2021,filtered,RAC1P,0,0.0,0
CT,2021,filtered,PINCP,0,0.0,0
CT,2021,filtered,PWGTP,0,0.0,0
DE,2021,raw,AGEP,0,0.0,63
DE,2021,raw,COW,3721,0.39484295415959253,0
DE,2021,raw,SCHL,216,0.022920203735144314,0
DE,2021,raw,MAR,0,0.0,0
DE,2021,raw,OCCP,3721,0.39484295415959253,0
DE,2021,raw,POBP,0,0.0,0
DE,2021,raw,RELP,0,0.0,4013
DE,2021,raw,WKHP,4751,0.5041383701188455,0
DE,2021,raw,SEX,0,0.0,0
DE,2021,raw,RAC1P,0,0.0,0
DE,2021,raw,PINCP,1285,0.1363539898132428,831
DE,2021,raw,PWGTP,0,0.0,0
DE,2021,filtered,AGEP,0,0.0,0
DE,2021,filtered,COW,0,0.0,0
DE,2021,filtered,SCHL,0,0.0,0
DE,2021,filtered,MAR,0,0.0,0
DE,2021,filtered,OCCP,0,0.0,0
DE,2021,filtered,POBP,0,0.0,0
DE,2021,filtered,RELP,0,0.0,2316
DE,2021,filtered,WKHP,0,0.0,0
DE,2021,filtered,SEX,0,0.0,0
DE,2021,filtered,RAC1P,0,0.0,0
DE,2021,filtered,PINCP,0,0.0,0
DE,2021,filtered,PWGTP,0,0.0,0
FL,2021,raw,AGEP,0,0.0,1367
FL,2021,raw,COW,86542,0.42656112143452135,0
FL,2021,raw,SCHL,4345,0.021416284262358108,0
FL,2021,raw,MAR,0,0.0,0
FL,2021,raw,OCCP,86542,0.42656112143452135,0
FL,2021,raw,POBP,0,0.0,0
FL,2021,raw,RELP,0,0.0,84709
FL,2021,raw,WKHP,104873,0.5169136891706058,0
FL,2021,raw,SEX,0,0.0,0
FL,2021,raw,RAC1P,0,0.0,0
FL,2021,raw,PINCP,26583,0.13102625651237412,23034
FL,2021,raw,PWGTP,0,0.0,0
FL,2021,filtered,AGEP,0,0.0,0
FL,2021,filtered,COW,0,0.0,0
FL,2021,filtered,SCHL,0,0.0,0
FL,2021,filtered,MAR,0,0.0,0
FL,2021,filtered,OCCP,0,0.0,0
FL,2021,filtered,POBP,0,0.0,0
FL,2021,filtered,RELP,0,0.0,49595
FL,2021,filtered,WKHP,0,0.0,0
FL,2021,filtered,SEX,0,0.0,0
FL,2021,filtered,RAC1P,0,0.0,0
FL,2021,filtered,PINCP,0,0.0,0
FL,2021,filtered,PWGTP,0,0.0,0
GA,2021,raw,AGEP,0,0.0,836
GA,2021,raw,COW,40577,0.4178715603888614,0
GA,2021,raw,SCHL,2650,0.02729032789586423,0
GA,2021,raw,MAR,0,0.0,0
GA,2021,raw,OCCP,40577,0.4178715603888614,0
GA,2021,raw,POBP,0,0.0,0
GA,2021,raw,RELP,0,0.0,37328
GA,2021,raw,WKHP,49071,0.5053447849728127,0
GA,2021,raw,SEX,0,0.0,0
GA,2021,raw,RAC1P,0,0.0,0
GA,2021,raw,PINCP,15524,0.1598698302850552,12115
GA,2021,raw,PWGTP,0,0.0,0
GA,2021,filtered,AGEP,0,0.0,0
GA,2021,filtered,COW,0,0.0,0
GA,2021,filtered,SCHL,0,0.0,0
GA,2021,filtered,MAR,0,0.0,0
GA,2021,filtered,OCCP,0,0.0,0
GA,2021,filtered,POBP,0,0.0,0
GA,2021,filtered,RELP,0,0.0,23532
GA,2021,filtered,WKHP,0,0.0,0
GA,2021,filtered,SEX,0,0.0,0
GA,2021,filtered,RAC1P,0,0.0,0
GA,2021,filtered,PINCP,0,0.0,0
GA,2021,filtered,PWGTP,0,0.0,0
HI,2021,raw,AGEP,0,0.0,115
HI,2021,raw,COW,5738,0.3835817902266194,0
HI,2021,raw,SCHL,375,0.0250685206230363,0
HI,2021,raw,MAR,0,0.0,0
HI,2021,raw,OCCP,5738,0.3835817902266194,0
HI,2021,raw,POBP,0,0.0,0
HI,2021,raw,RELP,0,0.0,5041
HI,2021,raw,WKHP,7270,0.4859950531452637,0
HI,2021,raw,SEX,0,0.0,0
HI,2021,raw,RAC1P,0,0.0,0
HI,2021,raw,PINCP,2204,0.14733605187512533,1596
HI,2021,raw,PWGTP,0,0.0,0
HI,2021,filtered,AGEP,0,0.0,0
HI,2021,filtered,COW,0,0.0,0
HI,2021,filtered,SCHL,0,0.0,0
HI,2021,filtered,MAR,0,0.0,0
HI,2021,filtered,OCCP,0,0.0,0
HI,2021,filtered,POBP,0,0.0,0
HI,2021,filtered,RELP,0,0.0,3105
HI,2021,filtered,WKHP,0,0.0,0
HI,2021,filtered,SEX,0,0.0,0
HI,2021,filtered,RAC1P,0,0.0,0
HI,2021,filtered,PINCP,0,0.0,0
HI,2021,filtered,PWGTP,0,0.0,0
ID,2021,raw,AGEP,0,0.0,191
ID,2021,raw,COW,7578,0.42250223015165034,0
ID,2021,raw,SCHL,566,0.03155664585191793,0
ID,2021,raw,MAR,0,0.0,0
ID,2021,raw,OCCP,7578,0.42250223015165034,0
ID,2021,raw,POBP,0,0.0,0
ID,2021,raw,RELP,0,0.0,6934
ID,2021,raw,WKHP,9058,0.5050178412132025,0
ID,2021,raw,SEX,0,0.0,0
ID,2021,raw,RAC1P,0,0.0,0
ID,2021,raw,PINCP,3471,0.193521409455843,1553
ID,2021,raw,PWGTP,0,0.0,0
ID,2021,filtered,AGEP,0,0.0,0
ID,2021,filtered,COW,0,0.0,0
ID,2021,filtered,SCHL,0,0.0,0
ID,2021,filtered,MAR,0,0.0,0
ID,2021,filtered,OCCP,0,0.0,0
ID,2021,filtered,POBP,0,0.0,0
ID,2021,filtered,RELP,0,0.0,4284
ID,2021,filtered,WKHP,0,0.0,0
ID,2021,filtered,SEX,0,0.0,0
ID,2021,filtered,RAC1P,0,0.0,0
ID,2021,filtered,PINCP,0,0.0,0
ID,2021,filtered,PWGTP,0,0.0,0
IL,2021,raw,AGEP,0,0.0,1112
IL,2021,raw,COW,50514,0.398932263490835,0
IL,2021,raw,SCHL,3558,0.028099160500067128,0
IL,2021,raw,MAR,0,0.0,0
IL,2021,raw,OCCP,50514,0.398932263490835,0
IL,2021,raw,POBP,0,0.0,0
IL,2021,raw,RELP,0,0.0,51016
IL,2021,raw,WKHP,61442,0.4852356996754144,0
IL,2021,raw,SEX,0,0.0,0
IL,2021,raw,RAC1P,0,0.0,0
IL,2021,raw,PINCP,20352,0.16072909345063693,13330
IL,2021,raw,PWGTP,0,0.0,0
IL,2021,filtered,AGEP,0,0.0,0
IL,2021,filtered,COW,0,0.0,0
IL,2021,filtered,SCHL,0,0.0,0
IL,2021,filtered,MAR,0,0.0,0
IL,2021,filtered,OCCP,0,0.0,0
IL,2021,filtered,POBP,0,0.0,0
IL,2021,filtered,RELP,0,0.0,32886
IL,2021,filtered,WKHP,0,0.0,0
IL,2021,filtered,SEX,0,0.0,0
IL,2021,filtered,RAC1P,0,0.0,0
IL,2021,filtered,PINCP,0,0.0,0
IL,2021,filtered,PWGTP,0,0.0,0
IN,2021,raw,AGEP,0,0.0,675
IN,2021,raw,COW,27673,0.40622706321012303,0
IN,2021,raw,SCHL,2074,0.030445377411115353,0
IN,2021,raw,MAR,0,0.0,0
IN,2021,raw,OCCP,27673,0.40622706321012303,0
IN,2021,raw,POBP,0,0.0,0
IN,2021,raw,RELP,0,0.0,27627
IN,2021,raw,WKHP,33415,0.49051701359325917,0
IN,2021,raw,SEX,0,0.0,0
IN,2021,raw,RAC1P,0,0.0,0
IN,2021,raw,PINCP,11642,0.17089926895863303,6511
IN,2021,raw,PWGTP,0,0.0,0
IN,2021,filtered,AGEP,0,0.0,0
IN,2021,filtered,COW,0,0.0,0
IN,2021,filtered,SCHL,0,0.0,0
IN,2021,filtered,MAR,0,0.0,0
IN,2021,filtered,OCCP,0,0.0,0
IN,2021,filtered,POBP,0,0.0,0
IN,2021,filtered,RELP,0,0.0,17722
IN,2021,filtered,WKHP,0,0.0,0
IN,2021,filtered,SEX,0,0.0,0
IN,2021,filtered,RAC1P,0,0.0,0
IN,2021,filtered,PINCP,0,0.0,0
IN,2021,filtered,PWGTP,0,0.0,0
IA,2021,raw,AGEP,0,0.0,339
IA,2021,raw,COW,12544,0.3851160505956036,0
IA,2021,raw,SCHL,1011,0.031038929141594007,0
IA,2021,raw,MAR,0,0.0,0
IA,2021,raw,OCCP,12544,0.3851160505956036,0
IA,2021,raw,POBP,0,0.0,0
IA,2021,raw,RELP,0,0.0,13448
IA,2021,raw,WKHP,15173,0.4658295468500553,0
IA,2021,raw,SEX,0,0.0,0
IA,2021,raw,RAC1P,0,0.0,0
IA,2021,raw,PINCP,5475,0.16808915633059068,2285
IA,2021,raw,PWGTP,0,0.0,0
IA,2021,filtered,AGEP,0,0.0,0
IA,2021,filtered,COW,0,0.0,0
IA,2021,filtered,SCHL,0,0.0,0
IA,2021,filtered,MAR,0,0.0,0
IA,2021,filtered,OCCP,0,0.0,0
IA,2021,filtered,POBP,0,0.0,0
IA,2021,filtered,RELP,0,0.0,8808
IA,2021,filtered,WKHP,0,0.0,0
IA,2021,filtered,SEX,0,0.0,0
IA,2021,filtered,RAC1P,0,0.0,0
IA,2021,filtered,PINCP,0,0.0,0
IA,2021,filtered,PWGTP,0,0.0,0
KS,2021,raw,AGEP,0,0.0,300
KS,2021,raw,COW,11405,0.3938598611734641,0
KS,2021,raw,SCHL,924,0.031909382878060576,0
KS,2021,raw,MAR,0,0.0,0
KS,2021,raw,OCCP,11405,0.3938598611734641,0
KS,2021,raw,POBP,0,0.0,0
KS,2021,raw,RELP,0,0.0,11848
KS,2021,raw,WKHP,13814,0.4770521808198363,0
KS,2021,raw,SEX,0,0.0,0
KS,2021,raw,RAC1P,0,0.0,0
KS,2021,raw,PINCP,5041,0.17408571329902958,2324
KS,2021,raw,PWGTP,0,0.0,0
KS,2021,filtered,AGEP,0,0.0,0
KS,2021,filtered,COW,0,0.0,0
KS,2021,filtered,SCHL,0,0.0,0
KS,2021,filtered,MAR,0,0.0,0
KS,2021,filtered,OCCP,0,0.0,0
KS,2021,filtered,POBP,0,0.0,0
KS,2021,filtered,RELP,0,0.0,7714
KS,2021,filtered,WKHP,0,0.0,0
KS,2021,filtered,SEX,0,0.0,0
KS,2021,filtered,RAC1P,0,0.0,0
KS,2021,filtered,PINCP,0,0.0,0
KS,2021,filtered,PWGTP,0,0.0,0
KY,2021,raw,AGEP,0,0.0,415
KY,2021,raw,COW,20090,0.43776693105552167,0
KY,2021,raw,SCHL,1322,0.028806763706092565,0
KY,2021,raw,MAR,0,0.0,0
KY,2021,raw,OCCP,20090,0.43776693105552167,0
KY,2021,raw,POBP,0,0.0,0
KY,2021,raw,RELP,0,0.0,18546
KY,2021,raw,WKHP,24159,0.5264316220692059,0
KY,2021,raw,SEX,0,0.0,0
KY,2021,raw,RAC1P,0,0.0,0
KY,2021,raw,PINCP,7621,0.16606380196984225,4883
KY,2021,raw,PWGTP,0,0.0,0
KY,2021,filtered,AGEP,0,0.0,0
KY,2021,filtered,COW,0,0.0,0
KY,2021,filtered,SCHL,0,0.0,0
KY,2021,filtered,MAR,0,0.0,0
KY,2021,filtered,OCCP,0,0.0,0
KY,2021,filtered,POBP,0,0.0,0
KY,2021,filtered,RELP,0,0.0,10877
KY,2021,filtered,WKHP,0,0.0,0
KY,2021,filtered,SEX,0,0.0,0
KY,2021,filtered,RAC1P,0,0.0,0
KY,2021,filtered,PINCP,0,0.0,0
KY,2021,filtered,PWGTP,0,0.0,0
LA,2021,raw,AGEP,0,0.0,415
LA,2021,raw,COW,19893,0.4556031422485858,0
LA,2021,raw,SCHL,1259,0.028834482284772003,0
LA,2021,raw,MAR,0,0.0,0
LA,2021,raw,OCCP,19893,0.4556031422485858,0
LA,2021,raw,POBP,0,0.0,0
LA,2021,raw,RELP,0,0.0,18230
LA,2021,raw,WKHP,23703,0.5428623777569109,0
LA,2021,raw,SEX,0,0.0,0
LA,2021,raw,RAC1P,0,0.0,0
LA,2021,raw,PINCP,6896,0.15793692600141995,5331
LA,2021,raw,PWGTP,0,0.0,0
LA,2021,filtered,AGEP,0,0.0,0
LA,2021,filtered,COW,0,0.0,0
LA,2021,filtered,SCHL,0,0.0,0
LA,2021,filtered,MAR,0,0.0,0
LA,2021,filtered,OCCP,0,0.0,0
LA,2021,filtered,POBP,0,0.0,0
LA,2021,filtered,RELP,0,0.0,10513
LA,2021,filtered,WKHP,0,0.0,0
LA,2021,filtered,SEX,0,0.0,0
LA,2021,filtered,RAC1P,0,0.0,0
LA,2021,filtered,PINCP,0,0.0,0
LA,2021,filtered,PWGTP,0,0.0,0
ME,2021,raw,AGEP,0,0.0,99
ME,2021,raw,COW,5490,0.3954476698120003,0
ME,2021,raw,SCHL,289,0.02081682633436577,0
ME,2021,raw,MAR,0,0.0,0
ME,2021,raw,OCCP,5490,0.3954476698120003,0
ME,2021,raw,POBP,0,0.0,0
ME,2021,raw,RELP,0,0.0,5816
ME,2021,raw,WKHP,6839,0.49261686955269035,0
ME,2021,raw,SEX,0,0.0,0
ME,2021,raw,RAC1P,0,0.0,0
ME,2021,raw,PINCP,1785,0.1285745155946121,985
ME,2021,raw,PWGTP,0,0.0,0
ME,2021,filtered,AGEP,0,0.0,0
ME,2021,filtered,COW,0,0.0,0
ME,2021,filtered,SCHL,0,0.0,0
ME,2021,filtered,MAR,0,0.0,0
ME,2021,filtered,OCCP,0,0.0,0
ME,2021,filtered,POBP,0,0.0,0
ME,2021,filtered,RELP,0,0.0,3369
ME,2021,filtered,WKHP,0,0.0,0
ME,2021,filtered,SEX,0,0.0,0
ME,2021,filtered,RAC1P,0,0.0,0
ME,2021,filtered,PINCP,0,0.0,0
ME,2021,filtered,PWGTP,0,0.0,0
MD,2021,raw,AGEP,0,0.0,533
MD,2021,raw,COW,24042,0.3825115746265095,0
MD,2021,raw,SCHL,1664,0.026474472181121027,0
MD,2021,raw,MAR,0,0.0,0
MD,2021,raw,OCCP,24042,0.3825115746265095,0
MD,2021,raw,POBP,0,0.0,0
MD,2021,raw,RELP,0,0.0,24037
MD,2021,raw,WKHP,29464,0.4687763511685997,0
MD,2021,raw,SEX,0,0.0,0
MD,2021,raw,RAC1P,0,0.0,0
MD,2021,raw,PINCP,9961,0.15848089987749192,6678
MD,2021,raw,PWGTP,0,0.0,0
MD,2021,filtered,AGEP,0,0.0,0
MD,2021,filtered,COW,0,0.0,0
MD,2021,filtered,SCHL,0,0.0,0
MD,2021,filtered,MAR,0,0.0,0
MD,2021,filtered,OCCP,0,0.0,0
MD,2021,filtered,POBP,0,0.0,0
MD,2021,filtered,RELP,0,0.0,16307
MD,2021,filtered,WKHP,0,0.0,0
MD,2021,filtered,SEX,0,0.0,0
MD,2021,filtered,RAC1P,0,0.0,0
MD,2021,filtered,PINCP,0,0.0,0
MD,2021,filtered,PWGTP,0,0.0,0
MA,2021,raw,AGEP,0,0.0,594
MA,2021,raw,COW,26080,0.3567325053345735,0
MA,2021,raw,SCHL,1858,0.02541445532636647,0
MA,2021,raw,MAR,0,0.0,0
MA,2021,raw,OCCP,26080,0.3567325053345735,0
MA,2021,raw,POBP,0,0.0,0
MA,2021,raw,RELP,0,0.0,28338
MA,2021,raw,WKHP,32368,0.44274224435082343,0
MA,2021,raw,SEX,0,0.0,0
MA,2021,raw,RAC1P,0,0.0,0
MA,2021,raw,PINCP,10276,0.1405591727307545,6680
MA,2021,raw,PWGTP,0,0.0,0
MA,2021,filtered,AGEP,0,0.0,0
MA,2021,filtered,COW,0,0.0,0
MA,2021,filtered,SCHL,0,0.0,0
MA,2021,filtered,MAR,0,0.0,0
MA,2021,filtered,OCCP,0,0.0,0
MA,2021,filtered,POBP,0,0.0,0
MA,2021,filtered,RELP,0,0.0,19058
MA,2021,filtered,WKHP,0,0.0,0
MA,2021,filtered,SEX,0,0.0,0
MA,2021,filtered,RAC1P,0,0.0,0
MA,2021,filtered,PINCP,0,0.0,0
MA,2021,filtered,PWGTP,0,0.0,0
MI,2021,raw,AGEP,0,0.0,887
MI,2021,raw,COW,41225,0.41624596122778673,0
MI,2021,raw,SCHL,2730,0.027564620355411955,0
MI,2021,raw,MAR,0,0.0,0
MI,2021,raw,OCCP,41225,0.41624596122778673,0
MI,2021,raw,POBP,0,0.0,0
MI,2021,raw,RELP,0,0.0,40900
MI,2021,raw,WKHP,50470,0.509592084006462,0
MI,2021,raw,SEX,0,0.0,0
MI,2021,raw,RAC1P,0,0.0,0
MI,2021,raw,PINCP,14912,0.1505654281098546,9005
MI,2021,raw,PWGTP,0,0.0,0
MI,2021,filtered,AGEP,0,0.0,0
MI,2021,filtered,COW,0,0.0,0
MI,2021,filtered,SCHL,0,0.0,0
MI,2021,filtered,MAR,0,0.0,0
MI,2021,filtered,OCCP,0,0.0,0
MI,2021,filtered,POBP,0,0.0,0
MI,2021,filtered,RELP,0,0.0,24144
MI,2021,filtered,WKHP,0,0.0,0
MI,2021,filtered,SEX,0,0.0,0
MI,2021,filtered,RAC1P,0,0.0,0
MI,2021,filtered,PINCP,0,0.0,0
MI,2021,filtered,PWGTP,0,0.0,0
MN,2021,raw,AGEP,0,0.0,514
MN,2021,raw,COW,21086,0.37230736633943073,0
MN,2021,raw,SCHL,1663,0.029362949360830566,0
MN,2021,raw,MAR,0,0.0,0
MN,2021,raw,OCCP,21086,0.37230736633943073,0
MN,2021,raw,POBP,0,0.0,0
MN,2021,raw,RELP,0,0.0,22779
MN,2021,raw,WKHP,25745,0.45456953174659226,0
MN,2021,raw,SEX,0,0.0,0
MN,2021,raw,RAC1P,0,0.0,0
MN,2021,raw,PINCP,9715,0.17153400663888693,3562
MN,2021,raw,PWGTP,0,0.0,0
MN,2021,filtered,AGEP,0,0.0,0
MN,2021,filtered,COW,0,0.0,0
MN,2021,filtered,SCHL,0,0.0,0
MN,2021,filtered,MAR,0,0.0,0
MN,2021,filtered,OCCP,0,0.0,0
MN,2021,filtered,POBP,0,0.0,0
MN,2021,filtered,RELP,0,0.0,15201
MN,2021,filtered,WKHP,0,0.0,0
MN,2021,filtered,SEX,0,0.0,0
MN,2021,filtered,RAC1P,0,0.0,0
MN,2021,filtered,PINCP,0,0.0,0
MN,2021,filtered,PWGTP,0,0.0,0
MS,2021,raw,AGEP,0,0.0,235
MS,2021,raw,COW,13420,0.4696906061878762,0
MS,2021,raw,SCHL,813,0.02845443091138177,0
MS,2021,raw,MAR,0,0.0,0
MS,2021,raw,OCCP,13420,0.4696906061878762,0
MS,2021,raw,POBP,0,0.0,0
MS,2021,raw,RELP,0,0.0,11703
MS,2021,raw,WKHP,15936,0.5577488450230995,0
MS,2021,raw,SEX,0,0.0,0
MS,2021,raw,RAC1P,0,0.0,0
MS,2021,raw,PINCP,4520,0.15819683606327872,3579
MS,2021,raw,PWGTP,0,0.0,0
MS,2021,filtered,AGEP,0,0.0,0
MS,2021,filtered,COW,0,0.0,0
MS,2021,filtered,SCHL,0,0.0,0
MS,2021,filtered,MAR,0,0.0,0
MS,2021,filtered,OCCP,0,0.0,0
MS,2021,filtered,POBP,0,0.0,0
MS,2021,filtered,RELP,0,0.0,6479
MS,2021,filtered,WKHP,0,0.0,0
MS,2021,filtered,SEX,0,0.0,0
MS,2021,filtered,RAC1P,0,0.0,0
MS,2021,filtered,PINCP,0,0.0,0
MS,2021,filtered,PWGTP,0,0.0,0
MO,2021,raw,AGEP,0,0.0,554
MO,2021,raw,COW,26005,0.41772416230282394,0
MO,2021,raw,SCHL,1807,0.029026247309409836,0
MO,2021,raw,MAR,0,0.0,0
MO,2021,raw,OCCP,26005,0.41772416230282394,0
MO,2021,raw,POBP,0,0.0,0
MO,2021,raw,RELP,0,0.0,25427
MO,2021,raw,WKHP,31106,0.49966267227808653,0
MO,2021,raw,SEX,0,0.0,0
MO,2021,raw,RAC1P,0,0.0,0
MO,2021,raw,PINCP,10347,0.16620618755421337,5910
MO,2021,raw,PWGTP,0,0.0,0
MO,2021,filtered,AGEP,0,0.0,0
MO,2021,filtered,COW,0,0.0,0
MO,2021,filtered,SCHL,0,0.0,0
MO,2021,filtered,MAR,0,0.0,0
MO,2021,filtered,OCCP,0,0.0,0
MO,2021,filtered,POBP,0,0.0,0
MO,2021,filtered,RELP,0,0.0,15909
MO,2021,filtered,WKHP,0,0.0,0
MO,2021,filtered,SEX,0,0.0,0
MO,2021,filtered,RAC1P,0,0.0,0
MO,2021,filtered,PINCP,0,0.0,0
MO,2021,filtered,PWGTP,0,0.0,0
MT,2021,raw,AGEP,0,0.0,90
MT,2021,raw,COW,4235,0.39896373056994816,0
MT,2021,raw,SCHL,270,0.025435704192180875,0
MT,2021,raw,MAR,0,0.0,0
MT,2021,raw,OCCP,4235,0.39896373056994816,0
MT,2021,raw,POBP,0,0.0,0
MT,2021,raw,RELP,0,0.0,4442
MT,2021,raw,WKHP,5150,0.4851625058878945,0
MT,2021,raw,SEX,0,0.0,0
MT,2021,raw,RAC1P,0,0.0,0
MT,2021,raw,PINCP,1687,0.15892604804521904,801
MT,2021,raw,PWGTP,0,0.0,0
MT,2021,filtered,AGEP,0,0.0,0
MT,2021,filtered,COW,0,0.0,0
MT,2021,filtered,SCHL,0,0.0,0
MT,2021,filtered,MAR,0,0.0,0
MT,2021,filtered,OCCP,0,0.0,0
MT,2021,filtered,POBP,0,0.0,0
MT,2021,filtered,RELP,0,0.0,2747
MT,2021,filtered,WKHP,0,0.0,0
MT,2021,filtered,SEX,0,0.0,0
MT,2021,filtered,RAC1P,0,0.0,0
MT,2021,filtered,PINCP,0,0.0,0
MT,2021,filtered,PWGTP,0,0.0,0
NE,2021,raw,AGEP,0,0.0,198
NE,2021,raw,COW,7172,0.36900596830623583,0
NE,2021,raw,SCHL,624,0.032105371475612265,0
NE,2021,raw,MAR,0,0.0,0
NE,2021,raw,OCCP,7172,0.36900596830623583,0
NE,2021,raw,POBP,0,0.0,0
NE,2021,raw,RELP,0,0.0,7968
NE,2021,raw,WKHP,8620,0.44350689442272073,0
NE,2021,raw,SEX,0,0.0,0
NE,2021,raw,RAC1P,0,0.0,0
NE,2021,raw,PINCP,3493,0.17971804898127186,1314
NE,2021,raw,PWGTP,0,0.0,0
NE,2021,filtered,AGEP,0,0.0,0
NE,2021,filtered,COW,0,0.0,0
NE,2021,filtered,SCHL,0,0.0,0
NE,2021,filtered,MAR,0,0.0,0
NE,2021,filtered,OCCP,0,0.0,0
NE,2021,filtered,POBP,0,0.0,0
NE,2021,filtered,RELP,0,0.0,5507
NE,2021,filtered,WKHP,0,0.0,0
NE,2021,filtered,SEX,0,0.0,0
NE,2021,filtered,RAC1P,0,0.0,0
NE,2021,filtered,PINCP,0,0.0,0
NE,2021,filtered,PWGTP,0,0.0,0
NV,2021,raw,AGEP,0,0.0,229
NV,2021,raw,COW,12313,0.40934175531914896,0
NV,2021,raw,SCHL,798,0.026529255319148935,0
NV,2021,raw,MAR,0,0.0,0
NV,2021,raw,OCCP,12313,0.40934175531914896,0
NV,2021,raw,POBP,0,0.0,0
NV,2021,raw,RELP,0,0.0,12084
NV,2021,raw,WKHP,15300,0.5086436170212766,0
NV,2021,raw,SEX,0,0.0,0
NV,2021,raw,RAC1P,0,0.0,0
NV,2021,raw,PINCP,4770,0.15857712765957446,3339
NV,2021,raw,PWGTP,0,0.0,0
NV,2021,filtered,AGEP,0,0.0,0
NV,2021,filtered,COW,0,0.0,0
NV,2021,filtered,SCHL,0,0.0,0
NV,2021,filtered,MAR,0,0.0,0
NV,2021,filtered,OCCP,0,0.0,0
NV,2021,filtered,POBP,0,0.0,0
NV,2021,filtered,RELP,0,0.0,7348
NV,2021,filtered,WKHP,0,0.0,0
NV,2021,filtered,SEX,0,0.0,0
NV,2021,filtered,RAC1P,0,0.0,0
NV,2021,filtered,PINCP,0,0.0,0
NV,2021,filtered,PWGTP,0,0.0,0
NH,2021,raw,AGEP,0,0.0,101
NH,2021,raw,COW,4880,0.35866529472291636,0
NH,2021,raw,SCHL,309,0.022710568866676467,0
NH,2021,raw,MAR,0,0.0,0
NH,2021,raw,OCCP,4880,0.35866529472291636,0
NH,2021,raw,POBP,0,0.0,0
NH,2021,raw,RELP,0,0.0,5580
NH,2021,raw,WKHP,6014,0.4420108775540203,0
NH,2021,raw,SEX,0,0.0,0
NH,2021,raw,RAC1P,0,0.0,0
NH,2021,raw,PINCP,1833,0.1347199764809643,1020
NH,2021,raw,PWGTP,0,0.0,0
NH,2021,filtered,AGEP,0,0.0,0
NH,2021,filtered,COW,0,0.0,0
NH,2021,filtered,SCHL,0,0.0,0
NH,2021,filtered,MAR,0,0.0,0
NH,2021,filtered,OCCP,0,0.0,0
NH,2021,filtered,POBP,0,0.0,0
NH,2021,filtered,RELP,0,0.0,3650
NH,2021,filtered,WKHP,0,0.0,0
NH,2021,filtered,SEX,0,0.0,0
NH,2021,filtered,RAC1P,0,0.0,0
NH,2021,filtered,PINCP,0,0.0,0
NH,2021,filtered,PWGTP,0,0.0,0
NJ,2021,raw,AGEP,0,0.0,785
NJ,2021,raw,COW,35919,0.38558730703995536,0
NJ,2021,raw,SCHL,2472,0.02653670266440518,0
NJ,2021,raw,MAR,0,0.0,0
NJ,2021,raw,OCCP,35919,0.38558730703995536,0
NJ,2021,raw,POBP,0,0.0,0
NJ,2021,raw,RELP,0,0.0,35214
NJ,2021,raw,WKHP,43962,0.4719282049080018,0
NJ,2021,raw,SEX,0,0.0,0
NJ,2021,raw,RAC1P,0,0.0,0
NJ,2021,raw,PINCP,14668,0.15745969040513558,9916
NJ,2021,raw,PWGTP,0,0.0,0
NJ,2021,filtered,AGEP,0,0.0,0
NJ,2021,filtered,COW,0,0.0,0
NJ,2021,filtered,SCHL,0,0.0,0
NJ,2021,filtered,MAR,0,0.0,0
NJ,2021,filtered,OCCP,0,0.0,0
NJ,2021,filtered,POBP,0,0.0,0
NJ,2021,filtered,RELP,0,0.0,23397
NJ,2021,filtered,WKHP,0,0.0,0
NJ,2021,filtered,SEX,0,0.0,0
NJ,2021,filtered,RAC1P,0,0.0,0
NJ,2021,filtered,PINCP,0,0.0,0
NJ,2021,filtered,PWGTP,0,0.0,0
NM,2021,raw,AGEP,0,0.0,162
NM,2021,raw,COW,8864,0.45379613986586803,0
NM,2021,raw,SCHL,513,0.026263246813085547,0
NM,2021,raw,MAR,0,0.0,0
NM,2021,raw,OCCP,8864,0.45379613986586803,0
NM,2021,raw,POBP,0,0.0,0
NM,2021,raw,RELP,0,0.0,8009
NM,2021,raw,WKHP,10867,0.556340551886551,0
NM,2021,raw,SEX,0,0.0,0
NM,2021,raw,RAC1P,0,0.0,0
NM,2021,raw,PINCP,3030,0.15512210105974505,2463
NM,2021,raw,PWGTP,0,0.0,0
NM,2021,filtered,AGEP,0,0.0,0
NM,2021,filtered,COW,0,0.0,0
NM,2021,filtered,SCHL,0,0.0,0
NM,2021,filtered,MAR,0,0.0,0
NM,2021,filtered,OCCP,0,0.0,0
NM,2021,filtered,POBP,0,0.0,0
NM,2021,filtered,RELP,0,0.0,4361
NM,2021,filtered,WKHP,0,0.0,0
NM,2021,filtered,SEX,0,0.0,0
NM,2021,filtered,RAC1P,0,0.0,0
NM,2021,filtered,PINCP,0,0.0,0
NM,2021,filtered,PWGTP,0,0.0,0
NY,2021,raw,AGEP,0,0.0,1682
NY,2021,raw,COW,80566,0.40269509714245727,0
NY,2021,raw,SCHL,5085,0.025416485477365084,0
NY,2021,raw,MAR,0,0.0,0
NY,2021,raw,OCCP,80566,0.40269509714245727,0
NY,2021,raw,POBP,0,0.0,0
NY,2021,raw,RELP,0,0.0,77465
NY,2021,raw,WKHP,99061,0.4951391283919887,0
NY,2021,raw,SEX,0,0.0,0
NY,2021,raw,RAC1P,0,0.0,0
NY,2021,raw,PINCP,29295,0.14642594730765193,22140
NY,2021,raw,PWGTP,0,0.0,0
NY,2021,filtered,AGEP,0,0.0,0
NY,2021,filtered,COW,0,0.0,0
NY,2021,filtered,SCHL,0,0.0,0
NY,2021,filtered,MAR,0,0.0,0
NY,2021,filtered,OCCP,0,0.0,0
NY,2021,filtered,POBP,0,0.0,0
NY,2021,filtered,RELP,0,0.0,48618
NY,2021,filtered,WKHP,0,0.0,0
NY,2021,filtered,SEX,0,0.0,0
NY,2021,filtered,RAC1P,0,0.0,0
NY,2021,filtered,PINCP,0,0.0,0
NY,2021,filtered,PWGTP,0,0.0,0
NC,2021,raw,AGEP,0,0.0,858
NC,2021,raw,COW,43658,0.41843257904674275,0
NC,2021,raw,SCHL,2647,0.025369715441310368,0
NC,2021,raw,MAR,0,0.0,0
NC,2021,raw,OCCP,43658,0.41843257904674275,0
NC,2021,raw,POBP,0,0.0,0
NC,2021,raw,RELP,0,0.0,42883
NC,2021,raw,WKHP,52595,0.5040877157671775,0
NC,2021,raw,SEX,0,0.0,0
NC,2021,raw,RAC1P,0,0.0,0
NC,2021,raw,PINCP,15632,0.14982221072102897,11105
NC,2021,raw,PWGTP,0,0.0,0
NC,2021,filtered,AGEP,0,0.0,0
NC,2021,filtered,COW,0,0.0,0
NC,2021,filtered,SCHL,0,0.0,0
NC,2021,filtered,MAR,0,0.0,0
NC,2021,filtered,OCCP,0,0.0,0
NC,2021,filtered,POBP,0,0.0,0
NC,2021,filtered,RELP,0,0.0,26189
NC,2021,filtered,WKHP,0,0.0,0
NC,2021,filtered,SEX,0,0.0,0
NC,2021,filtered,RAC1P,0,0.0,0
NC,2021,filtered,PINCP,0,0.0,0
NC,2021,filtered,PWGTP,0,0.0,0
ND,2021,raw,AGEP,0,0.0,81
ND,2021,raw,COW,2842,0.36952281887920946,0
ND,2021,raw,SCHL,245,0.03185541542062151,0
ND,2021,raw,MAR,0,0.0,0
ND,2021,raw,OCCP,2842,0.36952281887920946,0
ND,2021,raw,POBP,0,0.0,0
ND,2021,raw,RELP,0,0.0,3252
ND,2021,raw,WKHP,3476,0.45195683266155245,0
ND,2021,raw,SEX,0,0.0,0
ND,2021,raw,RAC1P,0,0.0,0
ND,2021,raw,PINCP,1352,0.17578988428032766,550
ND,2021,raw,PWGTP,0,0.0,0
ND,2021,filtered,AGEP,0,0.0,0
ND,2021,filtered,COW,0,0.0,0
ND,2021,filtered,SCHL,0,0.0,0
ND,2021,filtered,MAR,0,0.0,0
ND,2021,filtered,OCCP,0,0.0,0
ND,2021,filtered,POBP,0,0.0,0
ND,2021,filtered,RELP,0,0.0,2214
ND,2021,filtered,WKHP,0,0.0,0
ND,2021,filtered,SEX,0,0.0,0
ND,2021,filtered,RAC1P,0,0.0,0
ND,2021,filtered,PINCP,0,0.0,0
ND,2021,filtered,PWGTP,0,0.0,0
OH,2021,raw,AGEP,0,0.0,1086
OH,2021,raw,COW,48576,0.4052423896086561,0
OH,2021,raw,SCHL,3415,0.028489434299109863,0
OH,2021,raw,MAR,0,0.0,0
OH,2021,raw,OCCP,48576,0.4052423896086561,0
OH,2021,raw,POBP,0,0.0,0
OH,2021,raw,RELP,0,0.0,49622
OH,2021,raw,WKHP,58878,0.49118621161434567,0
OH,2021,raw,SEX,0,0.0,0
OH,2021,raw,RAC1P,0,0.0,0
OH,2021,raw,PINCP,19095,0.15929890130058647,10787
OH,2021,raw,PWGTP,0,0.0,0
OH,2021,filtered,AGEP,0,0.0,0
OH,2021,filtered,COW,0,0.0,0
OH,2021,filtered,SCHL,0,0.0,0
OH,2021,filtered,MAR,0,0.0,0
OH,2021,filtered,OCCP,0,0.0,0
OH,2021,filtered,POBP,0,0.0,0
OH,2021,filtered,RELP,0,0.0,30966
OH,2021,filtered,WKHP,0,0.0,0
OH,2021,filtered,SEX,0,0.0,0
OH,2021,filtered,RAC1P,0,0.0,0
OH,2021,filtered,PINCP,0,0.0,0
OH,2021,filtered,PWGTP,0,0.0,0
OK,2021,raw,AGEP,0,0.0,365
OK,2021,raw,COW,17094,0.4524616199047115,0
OK,2021,raw,SCHL,1160,0.03070407623080995,0
OK,2021,raw,MAR,0,0.0,0
OK,2021,raw,OCCP,17094,0.4524616199047115,0
OK,2021,raw,POBP,0,0.0,0
OK,2021,raw,RELP,0,0.0,14886
OK,2021,raw,WKHP,20194,0.5345156167284277,0
OK,2021,raw,SEX,0,0.0,0
OK,2021,raw,RAC1P,0,0.0,0
OK,2021,raw,PINCP,6771,0.17922181048173638,4727
OK,2021,raw,PWGTP,0,0.0,0
OK,2021,filtered,AGEP,0,0.0,0
OK,2021,filtered,COW,0,0.0,0
OK,2021,filtered,SCHL,0,0.0,0
OK,2021,filtered,MAR,0,0.0,0
OK,2021,filtered,OCCP,0,0.0,0
OK,2021,filtered,POBP,0,0.0,0
OK,2021,filtered,RELP,0,0.0,8997
OK,2021,filtered,WKHP,0,0.0,0
OK,2021,filtered,SEX,0,0.0,0
OK,2021,filtered,RAC1P,0,0.0,0
OK,2021,filtered,PINCP,0,0.0,0
OK,2021,filtered,PWGTP,0,0.0,0
OR,2021,raw,AGEP,0,0.0,326
OR,2021,raw,COW,17089,0.39972398952095806,0
OR,2021,raw,SCHL,1084,0.02535553892215569,0
OR,2021,raw,MAR,0,0.0,0
OR,2021,raw,OCCP,17089,0.39972398952095806,0
OR,2021,raw,POBP,0,0.0,0
OR,2021,raw,RELP,0,0.0,17350
OR,2021,raw,WKHP,21189,0.4956259356287425,0
OR,2021,raw,SEX,0,0.0,0
OR,2021,raw,RAC1P,0,0.0,0
OR,2021,raw,PINCP,6441,0.15065961826347304,3986
OR,2021,raw,PWGTP,0,0.0,0
OR,2021,filtered,AGEP,0,0.0,0
OR,2021,filtered,COW,0,0.0,0
OR,2021,filtered,SCHL,0,0.0,0
OR,2021,filtered,MAR,0,0.0,0
OR,2021,filtered,OCCP,0,0.0,0
OR,2021,filtered,POBP,0,0.0,0
OR,2021,filtered,RELP,0,0.0,10745
OR,2021,filtered,WKHP,0,0.0,0
OR,2021,filtered,SEX,0,0.0,0
OR,2021,filtered,RAC1P,0,0.0,0
OR,2021,filtered,PINCP,0,0.0,0
OR,2021,filtered,PWGTP,0,0.0,0
PA,2021,raw,AGEP,0,0.0,1014
PA,2021,raw,COW,52280,0.4028138411397135,0
PA,2021,raw,SCHL,3281,0.025279881652245602,0
PA,2021,raw,MAR,0,0.0,0
PA,2021,raw,OCCP,52280,0.4028138411397135,0
PA,2021,raw,POBP,0,0.0,0
PA,2021,raw,RELP,0,0.0,52790
PA,2021,raw,WKHP,63854,0.49199072326196,0
PA,2021,raw,SEX,0,0.0,0
PA,2021,raw,RAC1P,0,0.0,0
PA,2021,raw,PINCP,19131,0.14740305269402945,11949
PA,2021,raw,PWGTP,0,0.0,0
PA,2021,filtered,AGEP,0,0.0,0
PA,2021,filtered,COW,0,0.0,0
PA,2021,filtered,SCHL,0,0.0,0
PA,2021,filtered,MAR,0,0.0,0
PA,2021,filtered,OCCP,0,0.0,0
PA,2021,filtered,POBP,0,0.0,0
PA,2021,filtered,RELP,0,0.0,32325
PA,2021,filtered,WKHP,0,0.0,0
PA,2021,filtered,SEX,0,0.0,0
PA,2021,filtered,RAC1P,0,0.0,0
PA,2021,filtered,PINCP,0,0.0,0
PA,2021,filtered,PWGTP,0,0.0,0
RI,2021,raw,AGEP,0,0.0,80
RI,2021,raw,COW,3959,0.36132152961577074,0
RI,2021,raw,SCHL,231,0.021082413069270785,0
RI,2021,raw,MAR,0,0.0,0
RI,2021,raw,OCCP,3959,0.36132152961577074,0
RI,2021,raw,POBP,0,0.0,0
RI,2021,raw,RELP,0,0.0,4499
RI,2021,raw,WKHP,4918,0.44884548690334947,0
RI,2021,raw,SEX,0,0.0,0
RI,2021,raw,RAC1P,0,0.0,0
RI,2021,raw,PINCP,1369,0.1249429588390983,869
RI,2021,raw,PWGTP,0,0.0,0
RI,2021,filtered,AGEP,0,0.0,0
RI,2021,filtered,COW,0,0.0,0
RI,2021,filtered,SCHL,0,0.0,0
RI,2021,filtered,MAR,0,0.0,0
RI,2021,filtered,OCCP,0,0.0,0
RI,2021,filtered,POBP,0,0.0,0
RI,2021,filtered,RELP,0,0.0,2871
RI,2021,filtered,WKHP,0,0.0,0
RI,2021,filtered,SEX,0,0.0,0
RI,2021,filtered,RAC1P,0,0.0,0
RI,2021,filtered,PINCP,0,0.0,0
RI,2021,filtered,PWGTP,0,0.0,0
SC,2021,raw,AGEP,0,0.0,446
SC,2021,raw,COW,22104,0.42853819309810004,0
SC,2021,raw,SCHL,1362,0.026405583559519195,0
SC,2021,raw,MAR,0,0.0,0
SC,2021,raw,OCCP,22104,0.42853819309810004,0
SC,2021,raw,POBP,0,0.0,0
SC,2021,raw,RELP,0,0.0,21321
SC,2021,raw,WKHP,26797,0.5195230709577355,0
SC,2021,raw,SEX,0,0.0,0
SC,2021,raw,RAC1P,0,0.0,0
SC,2021,raw,PINCP,7915,0.15345094998061265,5257
SC,2021,raw,PWGTP,0,0.0,0
SC,2021,filtered,AGEP,0,0.0,0
SC,2021,filtered,COW,0,0.0,0
SC,2021,filtered,SCHL,0,0.0,0
SC,2021,filtered,MAR,0,0.0,0
SC,2021,filtered,OCCP,0,0.0,0
SC,2021,filtered,POBP,0,0.0,0
SC,2021,filtered,RELP,0,0.0,12530
SC,2021,filtered,WKHP,0,0.0,0
SC,2021,filtered,SEX,0,0.0,0
SC,2021,filtered,RAC1P,0,0.0,0
SC,2021,filtered,PINCP,0,0.0,0
SC,2021,filtered,PWGTP,0,0.0,0
SD,2021,raw,AGEP,0,0.0,104
SD,2021,raw,COW,3422,0.38784993766292647,0
SD,2021,raw,SCHL,311,0.03524878159356228,0
SD,2021,raw,MAR,0,0.0,0
SD,2021,raw,OCCP,3422,0.38784993766292647,0
SD,2021,raw,POBP,0,0.0,0
SD,2021,raw,RELP,0,0.0,3567
SD,2021,raw,WKHP,4025,0.4561940383089652,0
SD,2021,raw,SEX,0,0.0,0
SD,2021,raw,RAC1P,0,0.0,0
SD,2021,raw,PINCP,1668,0.18905134308058483,547
SD,2021,raw,PWGTP,0,0.0,0
SD,2021,filtered,AGEP,0,0.0,0
SD,2021,filtered,COW,0,0.0,0
SD,2021,filtered,SCHL,0,0.0,0
SD,2021,filtered,MAR,0,0.0,0
SD,2021,filtered,OCCP,0,0.0,0
SD,2021,filtered,POBP,0,0.0,0
SD,2021,filtered,RELP,0,0.0,2457
SD,2021,filtered,WKHP,0,0.0,0
SD,2021,filtered,SEX,0,0.0,0
SD,2021,filtered,RAC1P,0,0.0,0
SD,2021,filtered,PINCP,0,0.0,0
SD,2021,filtered,PWGTP,0,0.0,0
TN,2021,raw,AGEP,0,0.0,627
TN,2021,raw,COW,29085,0.41637438621104317,0
TN,2021,raw,SCHL,2001,0.028645870614003692,0
TN,2021,raw,MAR,0,0.0,0
TN,2021,raw,OCCP,29085,0.41637438621104317,0
TN,2021,raw,POBP,0,0.0,0
TN,2021,raw,RELP,0,0.0,28603
TN,2021,raw,WKHP,35219,0.5041873648948506,0
TN,2021,raw,SEX,0,0.0,0
TN,2021,raw,RAC1P,0,0.0,0
TN,2021,raw,PINCP,11096,0.1588478662333758,7323
TN,2021,raw,PWGTP,0,0.0,0
TN,2021,filtered,AGEP,0,0.0,0
TN,2021,filtered,COW,0,0.0,0
TN,2021,filtered,SCHL,0,0.0,0
TN,2021,filtered,MAR,0,0.0,0
TN,2021,filtered,OCCP,0,0.0,0
TN,2021,filtered,POBP,0,0.0,0
TN,2021,filtered,RELP,0,0.0,17591
TN,2021,filtered,WKHP,0,0.0,0
TN,2021,filtered,SEX,0,0.0,0
TN,2021,filtered,RAC1P,0,0.0,0
TN,2021,filtered,PINCP,0,0.0,0
TN,2021,filtered,PWGTP,0,0.0,0
TX,2021,raw,AGEP,0,0.0,2505
TX,2021,raw,COW,109139,0.4174437551157792,0
TX,2021,raw,SCHL,7952,0.030415458641555045,0
TX,2021,raw,MAR,0,0.0,0
TX,2021,raw,OCCP,109139,0.4174437551157792,0
TX,2021,raw,POBP,0,0.0,0
TX,2021,raw,RELP,0,0.0,98221
TX,2021,raw,WKHP,131782,0.5040505496354888,0
TX,2021,raw,SEX,0,0.0,0
TX,2021,raw,RAC1P,0,0.0,0
TX,2021,raw,PINCP,45410,0.17368787436028854,34295
TX,2021,raw,PWGTP,0,0.0,0
TX,2021,filtered,AGEP,0,0.0,0
TX,2021,filtered,COW,0,0.0,0
TX,2021,filtered,SCHL,0,0.0,0
TX,2021,filtered,MAR,0,0.0,0
TX,2021,filtered,OCCP,0,0.0,0
TX,2021,filtered,POBP,0,0.0,0
TX,2021,filtered,RELP,0,0.0,64427
TX,2021,filtered,WKHP,0,0.0,0
TX,2021,filtered,SEX,0,0.0,0
TX,2021,filtered,RAC1P,0,0.0,0
TX,2021,filtered,PINCP,0,0.0,0
TX,2021,filtered,PWGTP,0,0.0,0
UT,2021,raw,AGEP,0,0.0,413
UT,2021,raw,COW,13635,0.4042275651477869,0
UT,2021,raw,SCHL,1294,0.03836233731582224,0
UT,2021,raw,MAR,0,0.0,0
UT,2021,raw,OCCP,13635,0.4042275651477869,0
UT,2021,raw,POBP,0,0.0,0
UT,2021,raw,RELP,0,0.0,11067
UT,2021,raw,WKHP,15976,0.4736295988852984,0
UT,2021,raw,SEX,0,0.0,0
UT,2021,raw,RAC1P,0,0.0,0
UT,2021,raw,PINCP,7327,0.21721858231300584,3346
UT,2021,raw,PWGTP,0,0.0,0
UT,2021,filtered,AGEP,0,0.0,0
UT,2021,filtered,COW,0,0.0,0
UT,2021,filtered,SCHL,0,0.0,0
UT,2021,filtered,MAR,0,0.0,0
UT,2021,filtered,OCCP,0,0.0,0
UT,2021,filtered,POBP,0,0.0,0
UT,2021,filtered,RELP,0,0.0,7688
UT,2021,filtered,WKHP,0,0.0,0
UT,2021,filtered,SEX,0,0.0,0
UT,2021,filtered,RAC1P,0,0.0,0
UT,2021,filtered,PINCP,0,0.0,0
UT,2021,filtered,PWGTP,0,0.0,0
VT,2021,raw,AGEP,0,0.0,42
VT,2021,raw,COW,2419,0.36223420185684335,0
VT,2021,raw,SCHL,130,0.01946690625935909,0
VT,2021,raw,MAR,0,0.0,0
VT,2021,raw,OCCP,2419,0.36223420185684335,0
VT,2021,raw,POBP,0,0.0,0
VT,2021,raw,RELP,0,0.0,2756
VT,2021,raw,WKHP,3059,0.4580712788259958,0
VT,2021,raw,SEX,0,0.0,0
VT,2021,raw,RAC1P,0,0.0,0
VT,2021,raw,PINCP,865,0.1295297993411201,454
VT,2021,raw,PWGTP,0,0.0,0
VT,2021,filtered,AGEP,0,0.0,0
VT,2021,filtered,COW,0,0.0,0
VT,2021,filtered,SCHL,0,0.0,0
VT,2021,filtered,MAR,0,0.0,0
VT,2021,filtered,OCCP,0,0.0,0
VT,2021,filtered,POBP,0,0.0,0
VT,2021,filtered,RELP,0,0.0,1727
VT,2021,filtered,WKHP,0,0.0,0
VT,2021,filtered,SEX,0,0.0,0
VT,2021,filtered,RAC1P,0,0.0,0
VT,2021,filtered,PINCP,0,0.0,0
VT,2021,filtered,PWGTP,0,0.0,0
VA,2021,raw,AGEP,0,0.0,752
VA,2021,raw,COW,33599,0.3857830135602172,0
VA,2021,raw,SCHL,2346,0.02693672281354414,0
VA,2021,raw,MAR,0,0.0,0
VA,2021,raw,OCCP,33599,0.3857830135602172,0
VA,2021,raw,POBP,0,0.0,0
VA,2021,raw,RELP,0,0.0,34434
VA,2021,raw,WKHP,40743,0.46781027177844375,0
VA,2021,raw,SEX,0,0.0,0
VA,2021,raw,RAC1P,0,0.0,0
VA,2021,raw,PINCP,13625,0.15644196433697313,8996
VA,2021,raw,PWGTP,0,0.0,0
VA,2021,filtered,AGEP,0,0.0,0
VA,2021,filtered,COW,0,0.0,0
VA,2021,filtered,SCHL,0,0.0,0
VA,2021,filtered,MAR,0,0.0,0
VA,2021,filtered,OCCP,0,0.0,0
VA,2021,filtered,POBP,0,0.0,0
VA,2021,filtered,RELP,0,0.0,22913
VA,2021,filtered,WKHP,0,0.0,0
VA,2021,filtered,SEX,0,0.0,0
VA,2021,filtered,RAC1P,0,0.0,0
VA,2021,filtered,PINCP,0,0.0,0
VA,2021,filtered,PWGTP,0,0.0,0
WA,2021,raw,AGEP,0,0.0,699
WA,2021,raw,COW,31040,0.3952730236348818,0
WA,2021,raw,SCHL,2119,0.026984005704971475,0
WA,2021,raw,MAR,0,0.0,0
WA,2021,raw,OCCP,31040,0.3952730236348818,0
WA,2021,raw,POBP,0,0.0,0
WA,2021,raw,RELP,0,0.0,30802
WA,2021,raw,WKHP,38293,0.4876349837000815,0
WA,2021,raw,SEX,0,0.0,0
WA,2021,raw,RAC1P,0,0.0,0
WA,2021,raw,PINCP,12816,0.16320293398533006,7786
WA,2021,raw,PWGTP,0,0.0,0
WA,2021,filtered,AGEP,0,0.0,0
WA,2021,filtered,COW,0,0.0,0
WA,2021,filtered,SCHL,0,0.0,0
WA,2021,filtered,MAR,0,0.0,0
WA,2021,filtered,OCCP,0,0.0,0
WA,2021,filtered,POBP,0,0.0,0
WA,2021,filtered,RELP,0,0.0,19868
WA,2021,filtered,WKHP,0,0.0,0
WA,2021,filtered,SEX,0,0.0,0
WA,2021,filtered,RAC1P,0,0.0,0
WA,2021,filtered,PINCP,0,0.0,0
WA,2021,filtered,PWGTP,0,0.0,0
WV,2021,raw,AGEP,0,0.0,126
WV,2021,raw,COW,8248,0.4732614184071609,0
WV,2021,raw,SCHL,419,0.024041771861372505,0
WV,2021,raw,MAR,0,0.0,0
WV,2021,raw,OCCP,8248,0.4732614184071609,0
WV,2021,raw,POBP,0,0.0,0
WV,2021,raw,RELP,0,0.0,7388
WV,2021,raw,WKHP,9875,0.5666169382602708,0
WV,2021,raw,SEX,0,0.0,0
WV,2021,raw,RAC1P,0,0.0,0
WV,2021,raw,PINCP,2549,0.1462588937342208,1953
WV,2021,raw,PWGTP,0,0.0,0
WV,2021,filtered,AGEP,0,0.0,0
WV,2021,filtered,COW,0,0.0,0
WV,2021,filtered,SCHL,0,0.0,0
WV,2021,filtered,MAR,0,0.0,0
WV,2021,filtered,OCCP,0,0.0,0
WV,2021,filtered,POBP,0,0.0,0
WV,2021,filtered,RELP,0,0.0,3838
WV,2021,filtered,WKHP,0,0.0,0
WV,2021,filtered,SEX,0,0.0,0
WV,2021,filtered,RAC1P,0,0.0,0
WV,2021,filtered,PINCP,0,0.0,0
WV,2021,filtered,PWGTP,0,0.0,0
WI,2021,raw,AGEP,0,0.0,531
WI,2021,raw,COW,23113,0.3834209784177436,0
WI,2021,raw,SCHL,1657,0.027487931520711335,0
WI,2021,raw,MAR,0,0.0,0
WI,2021,raw,OCCP,23113,0.3834209784177436,0
WI,2021,raw,POBP,0,0.0,0
WI,2021,raw,RELP,0,0.0,24797
WI,2021,raw,WKHP,28129,0.4666312768534032,0
WI,2021,raw,SEX,0,0.0,0
WI,2021,raw,RAC1P,0,0.0,0
WI,2021,raw,PINCP,9622,0.15961911713475224,4232
WI,2021,raw,PWGTP,0,0.0,0
WI,2021,filtered,AGEP,0,0.0,0
WI,2021,filtered,COW,0,0.0,0
WI,2021,filtered,SCHL,0,0.0,0
WI,2021,filtered,MAR,0,0.0,0
WI,2021,filtered,OCCP,0,0.0,0
WI,2021,filtered,POBP,0,0.0,0
WI,2021,filtered,RELP,0,0.0,15919
WI,2021,filtered,WKHP,0,0.0,0
WI,2021,filtered,SEX,0,0.0,0
WI,2021,filtered,RAC1P,0,0.0,0
WI,2021,filtered,PINCP,0,0.0,0
WI,2021,filtered,PWGTP,0,0.0,0
WY,2021,raw,AGEP,0,0.0,51
WY,2021,raw,COW,2336,0.39856679747483365,0
WY,2021,raw,SCHL,178,0.030370243985667976,0
WY,2021,raw,MAR,0,0.0,0
WY,2021,raw,OCCP,2336,0.39856679747483365,0
WY,2021,raw,POBP,0,0.0,0
WY,2021,raw,RELP,0,0.0,2442
WY,2021,raw,WKHP,2878,0.4910424842177103,0
WY,2021,raw,SEX,0,0.0,0
WY,2021,raw,RAC1P,0,0.0,0
WY,2021,raw,PINCP,1076,0.18358641869988057,418
WY,2021,raw,PWGTP,0,0.0,0
WY,2021,filtered,AGEP,0,0.0,0
WY,2021,filtered,COW,0,0.0,0
WY,2021,filtered,SCHL,0,0.0,0
WY,2021,filtered,MAR,0,0.0,0
WY,2021,filtered,OCCP,0,0.0,0
WY,2021,filtered,POBP,0,0.0,0
WY,2021,filtered,RELP,0,0.0,1550
WY,2021,filtered,WKHP,0,0.0,0
WY,2021,filtered,SEX,0,0.0,0
WY,2021,filtered,RAC1P,0,0.0,0
WY,2021,filtered,PINCP,0,0.0,0
WY,2021,filtered,PWGTP,0,0.0,0
