state,year,feature,count,mean,std,min,5%,25%,50%,75%,95%,max
AL,2018,AGEP,22268.0,43.46155918807257,15.422208905890805,17.0,20.0,30.0,44.0,56.0,68.0,93.0
AL,2018,WKHP,22268.0,38.57275013472247,12.616566820341399,1.0,15.0,35.0,40.0,42.0,60.0,99.0
AK,2018,AGEP,3546.0,41.619289340101524,14.95384568855278,17.0,20.0,29.0,41.0,54.0,65.0,91.0
AK,2018,WKHP,3546.0,42.15143824027073,18.737377906048355,1.0,12.0,35.0,40.0,48.0,84.0,99.0
AZ,2018,AGEP,33277.0,43.11266039606936,15.33582739079577,17.0,20.0,30.0,43.0,56.0,68.0,93.0
AZ,2018,WKHP,33277.0,38.304144003365685,12.722888131001376,1.0,15.0,35.0,40.0,40.0,60.0,99.0
AR,2018,AGEP,13929.0,43.17747146241654,15.389671662011208,17.0,20.0,30.0,43.0,56.0,68.0,94.0
AR,2018,WKHP,13929.0,38.783832292339724,12.801846975066562,1.0,15.0,36.0,40.0,42.0,60.0,99.0
CA,2018,AGEP,195665.0,42.7349142667314,14.884622251951846,17.0,20.0,30.0,42.0,55.0,67.0,94.0
CA,2018,WKHP,195665.0,37.86666496307464,13.019046670290168,1.0,12.0,32.0,40.0,40.0,60.0,99.0
CO,2018,AGEP,31306.0,42.807512936817226,15.048674763489002,17.0,20.0,30.0,42.0,55.0,67.0,93.0
CO,2018,WKHP,31306.0,38.80083690027471,13.275358568525615,1.0,12.0,35.0,40.0,45.0,60.0,99.0
CT,2018,AGEP,19785.0,44.71367197371746,15.563205061485329,17.0,20.0,31.0,46.0,57.0,69.0,96.0
CT,2018,WKHP,19785.0,37.83265099823098,13.324287639367459,1.0,12.0,32.0,40.0,45.0,60.0,99.0
DE,2018,AGEP,4713.0,44.63208147676639,15.977488602327423,17.0,20.0,31.0,46.0,57.0,69.0,92.0
DE,2018,WKHP,4713.0,38.07829408020369,12.946786983043184,1.0,12.0,35.0,40.0,42.0,60.0,99.0
FL,2018,AGEP,98925.0,44.87485468789487,15.229421214253978,17.0,21.0,32.0,45.0,57.0,69.0,95.0
FL,2018,WKHP,98925.0,38.47420773313116,12.59692495442032,1.0,15.0,35.0,40.0,41.0,60.0,99.0
GA,2018,AGEP,50915.0,42.93929097515467,14.923632279591688,17.0,20.0,30.0,43.0,55.0,67.0,92.0
GA,2018,WKHP,50915.0,39.15445350093293,12.630822569618344,1.0,15.0,36.0,40.0,45.0,60.0,99.0
HI,2018,AGEP,7731.0,43.791488811279265,15.506339228508152,17.0,20.0,31.0,44.0,56.0,69.0,96.0
HI,2018,WKHP,7731.0,38.222480920967534,13.037776403958977,1.0,12.0,35.0,40.0,40.0,60.0,99.0
ID,2018,AGEP,8265.0,43.06896551724138,15.468031743199015,17.0,19.0,30.0,43.0,56.0,68.0,94.0
ID,2018,WKHP,8265.0,38.038233514821535,14.230597761810154,1.0,10.0,32.0,40.0,45.0,60.0,99.0
IL,2018,AGEP,67016.0,43.33997851259401,15.092975019606358,17.0,20.0,31.0,43.0,56.0,67.0,94.0
IL,2018,WKHP,67016.0,38.30834427599379,12.97318234010293,1.0,12.0,35.0,40.0,45.0,60.0,99.0
IN,2018,AGEP,35022.0,42.92953000970818,15.493693587763966,17.0,19.0,29.0,43.0,56.0,67.0,94.0
IN,2018,WKHP,35022.0,38.459254183084916,12.813378632850341,1.0,13.0,35.0,40.0,45.0,60.0,99.0
IA,2018,AGEP,17745.0,43.64897154127923,16.014020506422806,17.0,19.0,30.0,44.0,57.0,68.0,95.0
IA,2018,WKHP,17745.0,38.31034094111017,13.490048164614437,1.0,10.0,35.0,40.0,45.0,60.0,99.0
KS,2018,AGEP,15807.0,43.645979629278166,15.953472345983348,17.0,19.0,30.0,44.0,57.0,68.0,95.0
KS,2018,WKHP,15807.0,38.76959574871892,13.952280497164061,1.0,10.0,35.0,40.0,45.0,60.0,99.0
KY,2018,AGEP,22006.0,42.62791965827502,15.297307202314677,17.0,20.0,29.0,43.0,55.0,67.0,93.0
KY,2018,WKHP,22006.0,38.50249931836772,12.772519642233751,1.0,15.0,35.0,40.0,45.0,60.0,99.0
LA,2018,AGEP,20667.0,43.46992790438864,15.255408155551896,17.0,20.0,31.0,43.0,56.0,68.0,93.0
LA,2018,WKHP,20667.0,39.25615715875551,13.66304119395257,1.0,15.0,35.0,40.0,42.0,60.0,99.0
ME,2018,AGEP,7002.0,45.55569837189375,16.010953514045728,17.0,19.0,32.0,47.0,58.0,70.0,93.0
ME,2018,WKHP,7002.0,36.86660954013139,13.89840816969869,1.0,10.0,30.0,40.0,42.0,60.0,99.0
MD,2018,AGEP,33042.0,44.028932873312755,15.29425110985769,17.0,20.0,31.0,44.0,56.0,68.0,94.0
MD,2018,WKHP,33042.0,38.42521639125961,12.658337934142459,1.0,12.0,35.0,40.0,42.0,60.0,99.0
MA,2018,AGEP,40114.0,43.196913795682306,15.833746892187998,17.0,19.0,29.0,43.0,56.0,68.0,95.0
MA,2018,WKHP,40114.0,37.450865034651244,13.509709259805659,1.0,10.0,30.0,40.0,45.0,60.0,99.0
MI,2018,AGEP,50008.0,43.50447928331467,15.357952942765772,17.0,19.0,30.0,44.0,56.0,67.0,94.0
MI,2018,WKHP,50008.0,37.85648296272596,13.22412253142446,1.0,12.0,32.0,40.0,45.0,60.0,99.0
MN,2018,AGEP,31021.0,44.455368943618836,15.480943817473442,17.0,19.0,32.0,45.0,57.0,68.0,94.0
MN,2018,WKHP,31021.0,38.12156281228845,13.595741390829247,1.0,10.0,32.0,40.0,45.0,60.0,99.0
MS,2018,AGEP,13189.0,43.56077033891879,15.353208120406517,17.0,20.0,31.0,44.0,56.0,68.0,93.0
MS,2018,WKHP,13189.0,38.97073318674653,12.913616964648266,1.0,15.0,36.0,40.0,40.0,60.0,99.0
MO,2018,AGEP,31664.0,43.22514527539161,15.528073100234492,17.0,19.0,30.0,43.0,56.0,68.0,94.0
MO,2018,WKHP,31664.0,38.29806720565942,12.872109845655748,1.0,12.0,35.0,40.0,44.0,60.0,99.0
MT,2018,AGEP,5463.0,45.88193300384404,16.041145641586677,17.0,20.0,32.0,47.0,59.0,70.0,94.0
MT,2018,WKHP,5463.0,37.760571114772105,14.614544772160908,1.0,10.0,30.0,40.0,41.0,60.0,99.0
NE,2018,AGEP,10785.0,43.81372276309689,16.098289671970516,17.0,19.0,30.0,44.0,57.0,69.0,95.0
NE,2018,WKHP,10785.0,39.210941121928606,14.181223967571906,1.0,10.0,35.0,40.0,45.0,60.0,99.0
NV,2018,AGEP,14807.0,43.08360910380225,14.935478531805746,17.0,20.0,30.0,43.0,55.0,67.0,93.0
NV,2018,WKHP,14807.0,38.41169717025731,12.150615792606791,1.0,15.0,35.0,40.0,40.0,60.0,99.0
NH,2018,AGEP,7966.0,44.86982174240522,16.128042295707726,17.0,19.0,31.0,47.0,58.0,69.0,95.0
NH,2018,WKHP,7966.0,37.750313833793626,13.082645089508118,1.0,10.0,32.0,40.0,45.0,56.0,99.0
NJ,2018,AGEP,47781.0,44.707666227161425,15.046397255198992,17.0,21.0,32.0,45.0,57.0,68.0,94.0
NJ,2018,WKHP,47781.0,38.267930767459866,12.598198584836805,1.0,12.0,35.0,40.0,42.0,60.0,99.0
NM,2018,AGEP,8711.0,44.05613592010102,15.293513890234653,17.0,20.0,31.0,44.0,57.0,68.0,94.0
NM,2018,WKHP,8711.0,37.87521524509241,12.570277113160833,1.0,14.0,35.0,40.0,40.0,60.0,99.0
NY,2018,AGEP,103021.0,43.403490550470295,15.269940737480619,17.0,20.0,30.0,43.0,56.0,68.0,95.0
NY,2018,WKHP,103021.0,37.689451665194476,12.995079795250243,1.0,12.0,35.0,40.0,40.0,60.0,99.0
NC,2018,AGEP,52067.0,43.612153571359976,15.248768665797074,17.0,20.0,31.0,44.0,56.0,68.0,94.0
NC,2018,WKHP,52067.0,38.56719227149634,12.935994238899362,1.0,12.0,35.0,40.0,45.0,60.0,99.0
ND,2018,AGEP,4455.0,43.85072951739618,16.18949122757395,17.0,19.0,30.0,44.0,57.0,69.0,95.0
ND,2018,WKHP,4455.0,40.1364758698092,14.651367021764766,1.0,12.0,36.0,40.0,45.0,65.0,99.0
OH,2018,AGEP,62135.0,43.19810090931037,15.481953073008206,17.0,19.0,30.0,43.0,56.0,67.0,95.0
OH,2018,WKHP,62135.0,37.93502856683029,13.031043842301633,1.0,12.0,32.0,40.0,45.0,60.0,99.0
OK,2018,AGEP,17917.0,42.47055868728024,15.466143406061578,17.0,19.0,29.0,42.0,55.0,68.0,94.0
OK,2018,WKHP,17917.0,39.61076073003293,13.368828573787725,1.0,15.0,36.0,40.0,45.0,60.0,99.0
OR,2018,AGEP,21919.0,42.89972170263242,15.157077588293117,17.0,20.0,30.0,42.0,55.0,67.0,95.0
OR,2018,WKHP,21919.0,37.464847848898216,13.4366208774194,1.0,10.0,30.0,40.0,42.0,60.0,99.0
PA,2018,AGEP,68308.0,43.7620190900041,15.663816188109358,17.0,19.0,30.0,44.0,57.0,68.0,94.0
PA,2018,WKHP,68308.0,37.96001932423728,13.354591555781269,1.0,12.0,33.0,40.0,44.0,60.0,99.0
RI,2018,AGEP,5712.0,43.601540616246496,15.852183962339923,17.0,19.0,30.0,44.0,57.0,68.0,91.0
RI,2018,WKHP,5712.0,37.42086834733894,12.90909607308325,1.0,12.0,32.0,40.0,40.0,57.44999999999982,99.0
SC,2018,AGEP,24879.0,43.26025965673861,15.659107447798092,17.0,19.0,30.0,43.0,56.0,68.0,93.0
SC,2018,WKHP,24879.0,38.28481852164476,12.807610286808691,1.0,12.0,35.0,40.0,43.0,60.0,99.0
SD,2018,AGEP,4899.0,44.33129210042866,16.44501158613115,17.0,19.0,30.0,44.0,58.0,69.09999999999945,95.0
SD,2018,WKHP,4899.0,39.41988160849153,14.137235725523954,1.0,12.0,35.0,40.0,45.0,60.0,99.0
TN,2018,AGEP,34003.0,43.2004529012146,15.365145371377116,17.0,20.0,30.0,43.0,55.0,68.0,93.0
TN,2018,WKHP,34003.0,38.73537629032732,12.53779758678405,1.0,15.0,35.0,40.0,45.0,60.0,99.0
TX,2018,AGEP,135924.0,42.96485536034843,15.092503606745858,17.0,20.0,30.0,43.0,55.0,67.0,92.0
TX,2018,WKHP,135924.0,39.59303728554192,13.13081206155586,1.0,15.0,36.0,40.0,45.0,60.0,99.0
UT,2018,AGEP,16337.0,40.13270490298096,15.210915731166628,17.0,19.0,27.0,39.0,52.0,66.0,92.0
UT,2018,WKHP,16337.0,36.637326314500825,13.66003682905879,1.0,10.0,30.0,40.0,40.0,60.0,99.0
VT,2018,AGEP,3767.0,45.7350676931245,16.39601843399737,17.0,19.0,32.0,47.0,59.0,70.0,91.0
VT,2018,WKHP,3767.0,36.78072736925936,15.07195417512932,1.0,9.0,30.0,40.0,43.0,60.0,99.0
VA,2018,AGEP,46144.0,43.28023144937587,15.2998983386622,17.0,20.0,30.0,43.0,56.0,67.0,94.0
VA,2018,WKHP,46144.0,38.624501560332874,12.810671955998087,1.0,12.0,35.0,40.0,45.0,60.0,99.0
WA,2018,AGEP,39944.0,42.87830462647707,14.998004055499589,17.0,20.0,30.0,42.0,55.0,67.0,94.0
WA,2018,WKHP,39944.0,38.14360104145804,13.06041255460916,1.0,12.0,35.0,40.0,42.0,60.0,99.0
WV,2018,AGEP,8103.0,43.87992101690732,15.480871703102203,17.0,20.0,31.0,44.0,56.0,68.0,94.0
WV,2018,WKHP,8103.0,38.16068122917438,12.855369594279713,1.0,14.0,35.0,40.0,40.0,60.0,99.0
WI,2018,AGEP,32690.0,44.341021719180176,15.410104785347281,17.0,19.0,32.0,45.0,57.0,68.0,94.0
WI,2018,WKHP,32690.0,38.582196390333436,13.65847938504146,1.0,12.0,34.0,40.0,45.0,60.0,99.0
WY,2018,AGEP,3064.0,44.42656657963447,15.921590823535158,17.0,19.0,31.0,45.0,57.25,69.0,93.0
WY,2018,WKHP,3064.0,39.592689295039165,14.30192684246376,1.0,12.0,35.0,40.0,45.0,60.0,99.0
AL,2021,AGEP,22733.0,43.48475784102406,15.53822344572801,17.0,20.0,30.0,44.0,56.0,68.0,93.0
AL,2021,WKHP,22733.0,38.67325034091409,12.53683452605463,1.0,15.0,36.0,40.0,40.0,60.0,99.0
AK,2021,AGEP,3298.0,41.71710127349909,15.23936061873967,17.0,19.850000000000023,29.0,40.0,54.0,67.0,85.0
AK,2021,WKHP,3298.0,40.77835051546392,17.442091669050743,1.0,12.0,35.0,40.0,43.0,84.0,99.0
AZ,2021,AGEP,34364.0,43.13374461645908,15.531570256821217,17.0,20.0,30.0,43.0,56.0,68.0,93.0
AZ,2021,WKHP,34364.0,38.18437900128041,12.560758571787176,1.0,12.0,35.0,40.0,40.0,60.0,99.0
AR,2021,AGEP,13554.0,43.46443854212779,15.364355089548608,17.0,20.0,31.0,43.0,56.0,68.0,93.0
AR,2021,WKHP,13554.0,39.03644680537111,12.551594972725214,1.0,15.0,36.0,40.0,40.0,60.0,99.0
CA,2021,AGEP,192223.0,43.05088881143256,14.88457115114858,17.0,21.0,31.0,42.0,55.0,67.0,94.0
CA,2021,WKHP,192223.0,37.51156729423638,12.94241204889721,1.0,10.0,32.0,40.0,40.0,60.0,99.0
CO,2021,AGEP,32028.0,42.77791307605845,15.217546210571257,17.0,20.0,30.0,42.0,55.0,68.0,93.0
CO,2021,WKHP,32028.0,38.29502310478331,12.954791593992983,1.0,12.0,35.0,40.0,42.0,60.0,99.0
CT,2021,AGEP,19514.0,44.463308393973556,15.730808039345979,17.0,20.0,31.0,45.0,57.0,69.0,95.0
CT,2021,WKHP,19514.0,37.56462027262478,13.142480723254813,1.0,10.0,32.0,40.0,40.0,60.0,99.0
DE,2021,AGEP,4633.0,44.741851931793654,15.668737609630611,17.0,20.0,32.0,45.0,58.0,69.0,90.0
DE,2021,WKHP,4633.0,37.87869630908698,12.878231248747765,1.0,12.0,35.0,40.0,40.0,60.0,99.0
FL,2021,AGEP,97388.0,45.15834599745349,15.436543243435372,17.0,21.0,32.0,46.0,57.0,69.0,94.0
FL,2021,WKHP,97388.0,38.20249928122561,12.588869202232837,1.0,12.0,35.0,40.0,40.0,60.0,99.0
GA,2021,AGEP,47639.0,43.05134448666009,15.255657772500593,17.0,20.0,30.0,43.0,55.0,68.0,92.0
GA,2021,WKHP,47639.0,38.74984781376603,12.72230504115495,1.0,13.0,36.0,40.0,42.0,60.0,99.0
HI,2021,AGEP,7655.0,44.39229261920313,15.702265357214678,17.0,21.0,31.0,44.0,57.0,70.0,95.0
HI,2021,WKHP,7655.0,37.54604833442195,13.445218905392222,1.0,10.0,32.0,40.0,40.0,60.0,99.0
ID,2021,AGEP,8729.0,43.035742925879255,15.485597105501732,17.0,19.0,30.0,42.0,56.0,68.0,93.0
ID,2021,WKHP,8729.0,37.92988887615993,13.75343091931136,1.0,12.0,32.0,40.0,40.0,60.0,99.0
IL,2021,AGEP,64534.0,43.61981281185112,15.197607516367237,17.0,20.0,31.0,43.0,56.0,68.0,94.0
IL,2021,WKHP,64534.0,38.24635076083925,12.818010324489727,1.0,12.0,35.0,40.0,40.0,60.0,99.0
IN,2021,AGEP,34372.0,43.019696264401254,15.665402560457663,17.0,19.0,30.0,42.0,56.0,68.0,94.0
IN,2021,WKHP,34372.0,38.18960200162923,12.60065276179897,1.0,12.0,35.0,40.0,42.0,60.0,99.0
IA,2021,AGEP,17172.0,43.82622874446774,16.186582198868745,17.0,19.0,30.0,43.0,57.0,69.0,95.0
IA,2021,WKHP,17172.0,38.27405078034009,13.448383729183266,1.0,10.0,35.0,40.0,45.0,60.0,99.0
KS,2021,AGEP,14942.0,43.89365546780886,15.92285720602714,17.0,19.0,31.0,44.0,57.0,69.0,94.0
KS,2021,WKHP,14942.0,38.6859188863606,13.33687991227223,1.0,12.0,35.0,40.0,45.0,60.0,99.0
KY,2021,AGEP,21554.0,42.85905168414215,15.477235981279465,17.0,19.0,30.0,42.0,55.0,68.0,93.0
KY,2021,WKHP,21554.0,38.34323095481117,12.675735913695748,1.0,14.0,35.0,40.0,40.0,60.0,99.0
LA,2021,AGEP,19821.0,44.17516775137481,15.491773503863799,17.0,20.0,31.0,43.0,57.0,69.0,93.0
LA,2021,WKHP,19821.0,38.87931991322335,13.44623282770806,1.0,14.0,35.0,40.0,40.0,60.0,99.0
ME,2021,AGEP,6959.0,45.780571921253056,16.336457417356062,17.0,19.0,32.0,47.0,59.0,70.0,94.0
ME,2021,WKHP,6959.0,36.958902141112226,13.425051156870184,1.0,10.0,30.0,40.0,41.5,60.0,99.0
MD,2021,AGEP,33101.0,44.3015920969155,15.332125905311665,17.0,20.0,32.0,44.0,57.0,68.0,94.0
MD,2021,WKHP,33101.0,38.2341923204737,12.586902199621258,1.0,12.0,36.0,40.0,40.0,60.0,99.0
MA,2021,AGEP,40364.0,43.23241006837776,15.833348120217579,17.0,19.0,30.0,43.0,56.0,68.0,95.0
MA,2021,WKHP,40364.0,37.03299970270538,13.362916993991655,1.0,10.0,30.0,40.0,40.0,60.0,99.0
MI,2021,AGEP,48030.0,43.682948157401626,15.526113210886866,17.0,19.0,30.0,44.0,57.0,68.0,94.0
MI,2021,WKHP,48030.0,37.881761399125544,12.932241266118606,1.0,12.0,33.0,40.0,42.0,60.0,99.0
MN,2021,AGEP,30453.0,44.64423866285752,15.523715328784396,17.0,19.0,32.0,45.0,58.0,69.0,94.0
MN,2021,WKHP,30453.0,38.08508192953075,13.496498654101211,1.0,10.0,32.0,40.0,44.0,60.0,99.0
MS,2021,AGEP,12500.0,43.85232,15.649118256623176,17.0,20.0,31.0,44.0,57.0,69.0,92.0
MS,2021,WKHP,12500.0,38.71264,12.606254703242016,1.0,15.0,36.75,40.0,40.0,60.0,99.0
MO,2021,AGEP,30821.0,43.44239317348561,15.50570112342527,17.0,20.0,30.0,43.0,56.0,68.0,94.0
MO,2021,WKHP,30821.0,38.36974789915966,12.725411267181975,1.0,13.0,35.0,40.0,40.0,60.0,99.0
MT,2021,AGEP,5408.0,44.7707100591716,16.02773904217394,17.0,20.0,31.0,44.0,59.0,70.0,93.0
MT,2021,WKHP,5408.0,38.38406065088758,14.810618220170317,1.0,10.0,32.0,40.0,42.0,60.0,99.0
NE,2021,AGEP,10676.0,44.172723866616714,16.188848902147953,17.0,19.0,30.0,44.0,58.0,69.0,94.0
NE,2021,WKHP,10676.0,39.10340951667291,13.724529181530023,1.0,12.0,35.0,40.0,45.0,60.0,99.0
NV,2021,AGEP,14656.0,43.33576692139738,15.059229567074771,17.0,20.0,31.0,43.0,55.0,68.0,93.0
NV,2021,WKHP,14656.0,38.18627183406114,12.111721141385646,1.0,15.0,35.0,40.0,40.0,60.0,99.0
NH,2021,AGEP,7516.0,45.844598190526874,15.98629024528804,17.0,20.0,32.0,47.0,59.0,70.0,94.0
NH,2021,WKHP,7516.0,37.62320383182544,12.234593762408634,1.0,12.0,32.0,40.0,40.0,55.0,99.0
NJ,2021,AGEP,48807.0,44.734546274100026,15.142674592381143,17.0,21.0,32.0,45.0,57.0,68.0,95.0
NJ,2021,WKHP,48807.0,37.97584362898765,12.595925843686928,1.0,12.0,35.0,40.0,40.0,60.0,99.0
NM,2021,AGEP,8591.0,44.51565591898498,15.711253851547445,17.0,20.0,31.0,44.0,58.0,69.0,94.0
NM,2021,WKHP,8591.0,37.22477010825282,12.8422730758866,1.0,12.0,32.0,40.0,40.0,60.0,99.0
NY,2021,AGEP,100270.0,43.91399222100329,15.395918951701166,17.0,20.0,31.0,44.0,56.0,68.0,95.0
NY,2021,WKHP,100270.0,37.10815797347163,13.287109095531033,1.0,10.0,32.0,40.0,40.0,60.0,99.0
NC,2021,AGEP,51222.0,43.5633712076842,15.402680686329251,17.0,20.0,31.0,43.0,56.0,68.0,93.0
NC,2021,WKHP,51222.0,38.458592011245166,12.558663556780228,1.0,12.050000000000182,35.0,40.0,41.0,60.0,99.0
ND,2021,AGEP,4163.0,44.36007686764353,16.156827256027572,17.0,19.0,31.0,44.0,58.0,69.0,94.0
ND,2021,WKHP,4163.0,39.70838337737209,14.6559778927024,1.0,10.0,36.0,40.0,45.0,60.0,99.0
OH,2021,AGEP,60354.0,43.4469629187792,15.651751622538226,17.0,19.0,30.0,43.0,56.0,68.0,94.0
OH,2021,WKHP,60354.0,37.776270006958946,12.73825542835087,1.0,12.0,34.0,40.0,40.0,60.0,99.0
OK,2021,AGEP,17402.0,42.66394667279623,15.444975027959886,17.0,20.0,30.0,42.0,55.0,68.0,93.0
OK,2021,WKHP,17402.0,39.166532582461784,12.654487306714813,1.0,15.0,36.25,40.0,40.0,60.0,99.0
OR,2021,AGEP,21370.0,43.263827795975665,15.115436356647919,17.0,20.0,31.0,42.0,55.0,68.0,94.0
OR,2021,WKHP,21370.0,37.33593823116519,13.314795889366144,1.0,10.0,31.0,40.0,40.0,60.0,99.0
PA,2021,AGEP,65241.0,44.23850032954737,15.68432896133544,17.0,19.0,31.0,44.0,57.0,68.0,95.0
PA,2021,WKHP,65241.0,37.87403626553854,13.05821565790893,1.0,11.0,35.0,40.0,40.0,60.0,99.0
RI,2021,AGEP,5996.0,43.65160106737825,16.112051315799654,17.0,19.0,30.0,44.0,57.0,68.0,96.0
RI,2021,WKHP,5996.0,36.960973982655105,12.84533560704838,1.0,10.0,32.0,40.0,40.0,55.0,99.0
SC,2021,AGEP,24581.0,43.416378503722385,15.798959918304087,17.0,19.0,30.0,43.0,56.0,68.0,93.0
SC,2021,WKHP,24581.0,38.11333957121354,12.625929117669001,1.0,12.0,35.0,40.0,40.0,60.0,99.0
SD,2021,AGEP,4723.0,44.16599618886301,16.516005989056975,17.0,19.0,30.0,44.0,58.0,70.0,94.0
SD,2021,WKHP,4723.0,39.00677535464747,14.452581941481364,1.0,10.0,35.0,40.0,45.0,60.0,99.0
TN,2021,AGEP,34320.0,43.17365967365967,15.514283667257104,17.0,20.0,30.0,43.0,56.0,68.0,93.0
TN,2021,WKHP,34320.0,38.53138111888112,12.587950100543043,1.0,12.0,35.0,40.0,40.0,60.0,99.0
TX,2021,AGEP,128587.0,43.087808254333645,15.175634722596188,17.0,20.0,30.0,42.0,55.0,68.0,92.0
TX,2021,WKHP,128587.0,39.28220582173937,12.967741285802303,1.0,15.0,37.0,40.0,44.0,60.0,99.0
UT,2021,AGEP,17442.0,39.64075220731567,15.179647716435413,17.0,19.0,26.0,38.0,51.0,65.95000000000073,92.0
UT,2021,WKHP,17442.0,36.573844742575396,13.451417099363695,1.0,10.0,30.0,40.0,40.0,60.0,99.0
VT,2021,AGEP,3581.0,45.502094387042725,16.3943480032085,17.0,19.0,32.0,46.0,59.0,70.0,95.0
VT,2021,WKHP,3581.0,36.35241552638928,13.769686279107994,1.0,9.0,30.0,40.0,40.0,60.0,99.0
VA,2021,AGEP,45928.0,43.495013934854555,15.459202201333106,17.0,20.0,30.0,43.0,56.0,68.0,94.0
VA,2021,WKHP,45928.0,38.205647970736806,12.763343033920895,1.0,12.0,35.0,40.0,40.0,60.0,99.0
WA,2021,AGEP,39954.0,42.91838113830906,14.9754927413807,17.0,20.0,31.0,42.0,55.0,67.0,93.0
WA,2021,WKHP,39954.0,37.72883816388847,12.736100286627758,1.0,12.0,35.0,40.0,40.0,60.0,99.0
WV,2021,AGEP,7488.0,44.073851495726494,15.63629358437009,17.0,20.0,31.0,44.0,57.0,68.0,94.0
WV,2021,WKHP,7488.0,38.124866452991455,12.350034025821735,1.0,15.0,35.0,40.0,40.0,60.0,99.0
WI,2021,AGEP,31684.0,44.69808105037243,15.559384003124867,17.0,19.0,32.0,46.0,57.0,68.0,94.0
WI,2021,WKHP,31684.0,38.376593864411056,13.55647692191501,1.0,12.0,35.0,40.0,45.0,60.0,99.0
WY,2021,AGEP,2944.0,43.81114130434783,15.70260690448385,17.0,19.0,31.0,43.0,57.0,68.0,93.0
WY,2021,WKHP,2944.0,38.77615489130435,14.306145968122221,1.0,10.0,32.75,40.0,44.0,60.0,99.0
