state,year,source_feature,code,count,share
AL,2018,RELP,0,11462,0.5147296569067721
AL,2018,RELP,1,5659,0.25413148913238726
AL,2018,RELP,2,2326,0.10445482306448715
AL,2018,RELP,13,557,0.025013472247170827
AL,2018,RELP,17,530,0.0238009700017963
AL,2018,RELP,12,283,0.012708819831147836
AL,2018,RELP,16,245,0.01100233518950961
AL,2018,RELP,7,206,0.009250943057301958
AL,2018,RELP,15,189,0.0084875157176217
AL,2018,RELP,5,183,0.008218070774205137
AL,2018,RELP,4,181,0.008128255793066284
AL,2018,RELP,10,130,0.0058379737740255075
AL,2018,RELP,9,103,0.004625471528650979
AL,2018,RELP,6,74,0.0033231543021375967
AL,2018,RELP,3,70,0.0031435243398598885
AL,2018,RELP,11,60,0.0026944494341656186
AL,2018,RELP,8,8,0.00035925992455541585
AL,2018,RELP,14,2,8.981498113885396e-05
AK,2018,RELP,0,1601,0.4514946418499718
AK,2018,RELP,1,774,0.2182741116751269
AK,2018,RELP,2,352,0.09926677946982515
AK,2018,RELP,17,311,0.0877044557247603
AK,2018,RELP,13,162,0.04568527918781726
AK,2018,RELP,12,65,0.01833051325437112
AK,2018,RELP,16,54,0.015228426395939087
AK,2018,RELP,15,50,0.01410039481105471
AK,2018,RELP,5,30,0.008460236886632826
AK,2018,RELP,7,29,0.008178228990411731
AK,2018,RELP,11,26,0.007332205301748449
AK,2018,RELP,10,24,0.00676818950930626
AK,2018,RELP,3,22,0.006204173716864072
AK,2018,RELP,9,18,0.005076142131979695
AK,2018,RELP,4,14,0.003948110547095319
AK,2018,RELP,6,11,0.003102086858432036
AK,2018,RELP,8,3,0.0008460236886632825
AZ,2018,RELP,0,16690,0.5015476154701446
AZ,2018,RELP,1,7637,0.2294978513688133
AZ,2018,RELP,2,3535,0.10622952790215465
AZ,2018,RELP,13,1369,0.041139525798599634
AZ,2018,RELP,17,723,0.021726718153679717
AZ,2018,RELP,12,667,0.020043874147308953
AZ,2018,RELP,5,424,0.012741533191092946
AZ,2018,RELP,15,376,0.011299095471346575
AZ,2018,RELP,16,354,0.010637978183129488
AZ,2018,RELP,10,307,0.009225591249211167
AZ,2018,RELP,7,249,0.007482645671184301
AZ,2018,RELP,9,228,0.006851579168795264
AZ,2018,RELP,6,220,0.006611172882170869
AZ,2018,RELP,4,200,0.00601015716560988
AZ,2018,RELP,11,146,0.0043874147308952125
AZ,2018,RELP,3,111,0.003335637226913484
AZ,2018,RELP,8,41,0.0012320822189500254
AR,2018,RELP,0,7230,0.5190609519707086
AR,2018,RELP,1,3678,0.2640534137411157
AR,2018,RELP,2,1162,0.08342307416182067
AR,2018,RELP,13,455,0.032665661569387605
AR,2018,RELP,17,289,0.020748079546270372
AR,2018,RELP,12,211,0.015148251848661066
AR,2018,RELP,7,145,0.010409936104530117
AR,2018,RELP,16,125,0.00897408284873286
AR,2018,RELP,15,114,0.008184363558044368
AR,2018,RELP,4,108,0.007753607581305191
AR,2018,RELP,5,107,0.0076818149185153275
AR,2018,RELP,10,87,0.00624596166271807
AR,2018,RELP,9,76,0.005456242372029578
AR,2018,RELP,6,51,0.003661425802283007
AR,2018,RELP,3,42,0.0030152918371742408
AR,2018,RELP,11,38,0.002728121186014789
AR,2018,RELP,8,11,0.0007897192906884916
CA,2018,RELP,0,90761,0.4638591470114737
CA,2018,RELP,1,43478,0.22220632203000026
CA,2018,RELP,2,25741,0.13155648685252855
CA,2018,RELP,13,6653,0.03400199320266783
CA,2018,RELP,12,5703,0.02914675593488871
CA,2018,RELP,17,4270,0.021823013824649275
CA,2018,RELP,5,3530,0.01804103953185291
CA,2018,RELP,10,3064,0.015659417882605473
CA,2018,RELP,15,2619,0.013385122530856311
CA,2018,RELP,6,1963,0.01003245342805305
CA,2018,RELP,9,1780,0.009097181406996653
CA,2018,RELP,11,1640,0.008381672757008152
CA,2018,RELP,7,1508,0.007707050315590423
CA,2018,RELP,4,1155,0.005902946362405131
CA,2018,RELP,16,1009,0.005156773055988552
CA,2018,RELP,3,482,0.0024633940663889814
CA,2018,RELP,8,297,0.0015179004931898908
CA,2018,RELP,14,12,6.132931285615721e-05
CO,2018,RELP,0,15923,0.5086245448156903
CO,2018,RELP,1,7983,0.2549990417172427
CO,2018,RELP,2,2571,0.08212483230051747
CO,2018,RELP,13,1153,0.03683000063885517
CO,2018,RELP,12,982,0.031367788922251325
CO,2018,RELP,17,787,0.025138950999808344
CO,2018,RELP,15,339,0.0108285951574778
CO,2018,RELP,5,283,0.009039800677186481
CO,2018,RELP,11,212,0.006771864818245704
CO,2018,RELP,10,191,0.00610106688813646
CO,2018,RELP,4,177,0.00565386826806363
CO,2018,RELP,9,165,0.005270555165144062
CO,2018,RELP,16,155,0.0049511275793777555
CO,2018,RELP,7,150,0.004791413786494602
CO,2018,RELP,6,111,0.003545646202006005
CO,2018,RELP,3,98,0.0031303903405098064
CO,2018,RELP,8,25,0.0007985689644157669
CO,2018,RELP,14,1,3.1942758576630676e-05
CT,2018,RELP,0,9800,0.4953247409653778
CT,2018,RELP,1,4919,0.24862269396007075
CT,2018,RELP,2,2292,0.11584533737680061
CT,2018,RELP,17,701,0.03543088198129896
CT,2018,RELP,13,658,0.03325751832196108
CT,2018,RELP,12,293,0.0148091988880465
CT,2018,RELP,15,195,0.009855951478392721
CT,2018,RELP,5,161,0.00813747788728835
CT,2018,RELP,16,120,0.006065200909780136
CT,2018,RELP,10,118,0.005964114227950468
CT,2018,RELP,7,115,0.005812484205205964
CT,2018,RELP,4,108,0.005458680818802123
CT,2018,RELP,11,85,0.00429618397776093
CT,2018,RELP,6,83,0.004195097295931261
CT,2018,RELP,9,73,0.0036896638867829163
CT,2018,RELP,3,52,0.0026282537275713926
CT,2018,RELP,8,12,0.0006065200909780137
DE,2018,RELP,0,2330,0.4943772544027159
DE,2018,RELP,1,1111,0.23573095692764692
DE,2018,RELP,2,564,0.11966900063653724
DE,2018,RELP,13,177,0.037555697008274984
DE,2018,RELP,17,136,0.028856354763420328
DE,2018,RELP,12,83,0.017610863568852112
DE,2018,RELP,15,55,0.011669849352853808
DE,2018,RELP,7,54,0.011457670273711012
DE,2018,RELP,5,45,0.009548058561425843
DE,2018,RELP,10,33,0.007001909611712286
DE,2018,RELP,4,31,0.006577551453426692
DE,2018,RELP,16,24,0.005092297899427116
DE,2018,RELP,9,21,0.004455760661998727
DE,2018,RELP,6,19,0.004031402503713134
DE,2018,RELP,11,14,0.002970507107999151
DE,2018,RELP,3,10,0.0021217907914279654
DE,2018,RELP,8,6,0.001273074474856779
FL,2018,RELP,0,50743,0.5129441496082892
FL,2018,RELP,1,23309,0.23562294667677533
FL,2018,RELP,2,10429,0.10542330048016174
FL,2018,RELP,13,3964,0.04007076067728077
FL,2018,RELP,12,1821,0.018407884761182713
FL,2018,RELP,17,1294,0.01308061662875916
FL,2018,RELP,15,1144,0.011564316401314128
FL,2018,RELP,10,1048,0.010593884255749305
FL,2018,RELP,5,1032,0.010432145564821835
FL,2018,RELP,7,750,0.0075815011372251705
FL,2018,RELP,4,695,0.007025524387161992
FL,2018,RELP,6,637,0.006439221632549912
FL,2018,RELP,9,549,0.005549658832448825
FL,2018,RELP,16,543,0.005489006823351024
FL,2018,RELP,11,522,0.005276724791508719
FL,2018,RELP,3,309,0.0031235784685367703
FL,2018,RELP,8,133,0.0013444528683345968
FL,2018,RELP,14,3,3.0326004548900682e-05
GA,2018,RELP,0,26047,0.5115781203967397
GA,2018,RELP,1,12312,0.24181478935480702
GA,2018,RELP,2,5320,0.10448787194343513
GA,2018,RELP,13,1514,0.029735834233526465
GA,2018,RELP,17,1064,0.02089757438868703
GA,2018,RELP,12,959,0.018835313758224493
GA,2018,RELP,5,565,0.011096926249631739
GA,2018,RELP,16,488,0.009584601787292547
GA,2018,RELP,15,485,0.009525680054993617
GA,2018,RELP,10,459,0.009015025041736227
GA,2018,RELP,7,450,0.008838259844839439
GA,2018,RELP,4,346,0.006795639791809879
GA,2018,RELP,6,257,0.005047628400274968
GA,2018,RELP,9,234,0.004595895119316508
GA,2018,RELP,11,224,0.004399489344986743
GA,2018,RELP,3,140,0.0027496808406167143
GA,2018,RELP,8,48,0.0009427477167828734
GA,2018,RELP,14,3,5.8921732298929585e-05
HI,2018,RELP,0,3174,0.4105549088086923
HI,2018,RELP,1,1699,0.21976458414176692
HI,2018,RELP,2,1010,0.13064286638209804
HI,2018,RELP,17,364,0.047083171646617517
HI,2018,RELP,10,220,0.028456861984219376
HI,2018,RELP,13,194,0.025093778295175267
HI,2018,RELP,5,167,0.02160134523347562
HI,2018,RELP,12,152,0.01966110464364248
HI,2018,RELP,15,149,0.01927305652567585
HI,2018,RELP,7,148,0.019143707153020308
HI,2018,RELP,9,145,0.01875565903505368
HI,2018,RELP,11,108,0.013969732246798603
HI,2018,RELP,6,60,0.007760962359332557
HI,2018,RELP,4,47,0.0060794205148105036
HI,2018,RELP,16,38,0.00491527616091062
HI,2018,RELP,3,30,0.0038804811796662787
HI,2018,RELP,8,26,0.003363083689044108
ID,2018,RELP,0,4128,0.49945553539019966
ID,2018,RELP,1,2323,0.2810647307924985
ID,2018,RELP,2,743,0.08989715668481549
ID,2018,RELP,13,296,0.03581367211131276
ID,2018,RELP,12,139,0.016817906836055656
ID,2018,RELP,17,124,0.01500302480338778
ID,2018,RELP,16,82,0.009921355111917725
ID,2018,RELP,15,67,0.00810647307924985
ID,2018,RELP,10,59,0.007138535995160315
ID,2018,RELP,7,51,0.006170598911070781
ID,2018,RELP,9,48,0.005807622504537205
ID,2018,RELP,11,47,0.0056866303690260135
ID,2018,RELP,5,44,0.005323653962492438
ID,2018,RELP,4,43,0.005202661826981246
ID,2018,RELP,3,33,0.003992740471869328
ID,2018,RELP,6,28,0.0033877797943133695
ID,2018,RELP,8,10,0.0012099213551119178
IL,2018,RELP,0,33922,0.5061776292228721
IL,2018,RELP,1,16807,0.2507908559150054
IL,2018,RELP,2,7654,0.11421153157454936
IL,2018,RELP,13,2324,0.0346782857824997
IL,2018,RELP,17,1426,0.02127850065655963
IL,2018,RELP,12,1006,0.015011340575384982
IL,2018,RELP,15,661,0.009863316222991525
IL,2018,RELP,5,595,0.00887847678166408
IL,2018,RELP,10,518,0.007729497433448728
IL,2018,RELP,7,400,0.0059687238868329955
IL,2018,RELP,4,381,0.005685209502208428
IL,2018,RELP,6,351,0.005237555210695953
IL,2018,RELP,9,273,0.00407365405276352
IL,2018,RELP,16,253,0.0037752178584218696
IL,2018,RELP,3,206,0.0030738928017189924
IL,2018,RELP,11,177,0.0026411603199236002
IL,2018,RELP,8,56,0.0008356213441566194
IL,2018,RELP,14,6,8.953085830249493e-05
IN,2018,RELP,0,17988,0.5136200102792531
IN,2018,RELP,1,8812,0.2516132716578151
IN,2018,RELP,2,3396,0.09696762035292102
IN,2018,RELP,13,1329,0.03794757580949118
IN,2018,RELP,17,1063,0.030352349951459082
IN,2018,RELP,12,498,0.014219633373308206
IN,2018,RELP,15,306,0.008737365084803838
IN,2018,RELP,16,283,0.008080635029410085
IN,2018,RELP,7,243,0.0069384958026383415
IN,2018,RELP,4,233,0.0066529609959454054
IN,2018,RELP,5,227,0.006481640111929644
IN,2018,RELP,10,185,0.005282393923819313
IN,2018,RELP,11,118,0.0033693107189766433
IN,2018,RELP,9,115,0.0032836502769687625
IN,2018,RELP,6,107,0.0030552224316144137
IN,2018,RELP,3,92,0.00262692022157501
IN,2018,RELP,8,26,0.0007423904974016332
IN,2018,RELP,14,1,2.8553480669293585e-05
IA,2018,RELP,0,9097,0.5126514511129896
IA,2018,RELP,1,4879,0.2749506903353057
IA,2018,RELP,2,1362,0.07675401521555368
IA,2018,RELP,17,703,0.03961679346294731
IA,2018,RELP,13,685,0.03860242321780783
IA,2018,RELP,12,264,0.014877430262045646
IA,2018,RELP,16,129,0.0072696534234995775
IA,2018,RELP,15,127,0.00715694561848408
IA,2018,RELP,5,109,0.006142575373344604
IA,2018,RELP,10,83,0.004677373908143139
IA,2018,RELP,4,76,0.0042828965905888985
IA,2018,RELP,7,65,0.003663003663003663
IA,2018,RELP,9,45,0.00253592561284869
IA,2018,RELP,6,42,0.002366863905325444
IA,2018,RELP,11,40,0.0022541561003099463
IA,2018,RELP,3,30,0.0016906170752324597
IA,2018,RELP,8,8,0.0004508312200619893
IA,2018,RELP,14,1,5.6353902507748664e-05
KS,2018,RELP,0,8032,0.5081293097994559
KS,2018,RELP,1,4304,0.27228443094831406
KS,2018,RELP,2,1324,0.08376035933447207
KS,2018,RELP,17,566,0.03580692098437401
KS,2018,RELP,13,523,0.03308660719934206
KS,2018,RELP,12,232,0.014677041816916555
KS,2018,RELP,16,185,0.011703675586765357
KS,2018,RELP,15,103,0.006516100461820712
KS,2018,RELP,5,96,0.006073258682862023
KS,2018,RELP,7,80,0.005061048902385019
KS,2018,RELP,4,77,0.0048712595685455815
KS,2018,RELP,10,64,0.004048839121908015
KS,2018,RELP,3,57,0.003605997342949326
KS,2018,RELP,9,56,0.0035427342316695135
KS,2018,RELP,11,50,0.003163155563990637
KS,2018,RELP,6,49,0.0030998924527108245
KS,2018,RELP,8,7,0.0004428417789586892
KS,2018,RELP,14,2,0.00012652622255962547
KY,2018,RELP,0,11036,0.5014995910206307
KY,2018,RELP,1,5686,0.25838407706989003
KY,2018,RELP,2,2137,0.09710987912387531
KY,2018,RELP,13,803,0.03649004816868127
KY,2018,RELP,17,664,0.030173589021176044
KY,2018,RELP,12,319,0.014496046532763792
KY,2018,RELP,16,255,0.011587748795782967
KY,2018,RELP,15,207,0.00940652549304735
KY,2018,RELP,7,175,0.00795237662455694
KY,2018,RELP,4,162,0.007361628646732709
KY,2018,RELP,5,139,0.006316459147505226
KY,2018,RELP,10,110,0.00499863673543579
KY,2018,RELP,9,110,0.00499863673543579
KY,2018,RELP,6,74,0.0033627192583840773
KY,2018,RELP,11,66,0.0029991820412614742
KY,2018,RELP,3,46,0.002090338998454967
KY,2018,RELP,8,13,0.0005907479778242298
KY,2018,RELP,14,4,0.00018176860856130146
LA,2018,RELP,0,11051,0.5347171819809358
LA,2018,RELP,1,4848,0.23457686166352157
LA,2018,RELP,2,2062,0.09977258431315623
LA,2018,RELP,13,716,0.03464460250641119
LA,2018,RELP,17,388,0.01877389074369768
LA,2018,RELP,12,339,0.016402961242560604
LA,2018,RELP,7,209,0.010112740117094886
LA,2018,RELP,16,202,0.009774035902646732
LA,2018,RELP,5,193,0.009338559055499105
LA,2018,RELP,15,157,0.007596651666908598
LA,2018,RELP,10,141,0.006822470605312818
LA,2018,RELP,4,118,0.005709585329268883
LA,2018,RELP,6,69,0.0033386558281318043
LA,2018,RELP,9,69,0.0033386558281318043
LA,2018,RELP,11,49,0.0023709295011370784
LA,2018,RELP,3,43,0.0020806116030386607
LA,2018,RELP,8,12,0.0005806357961968355
LA,2018,RELP,14,1,4.83863163497363e-05
ME,2018,RELP,0,3475,0.4962867752070837
ME,2018,RELP,1,1777,0.25378463296201087
ME,2018,RELP,2,566,0.08083404741502428
ME,2018,RELP,13,369,0.05269922879177378
ME,2018,RELP,17,365,0.052127963439017426
ME,2018,RELP,12,83,0.011853756069694374
ME,2018,RELP,15,65,0.009283061982290773
ME,2018,RELP,16,58,0.008283347614967152
ME,2018,RELP,4,42,0.005998286203941731
ME,2018,RELP,5,40,0.0057126535275635534
ME,2018,RELP,9,38,0.005427020851185376
ME,2018,RELP,11,33,0.004712939160239932
ME,2018,RELP,7,33,0.004712939160239932
ME,2018,RELP,3,22,0.003141959440159954
ME,2018,RELP,6,17,0.00242787774921451
ME,2018,RELP,10,17,0.00242787774921451
ME,2018,RELP,8,2,0.00028563267637817766
MD,2018,RELP,0,16317,0.4938260395859815
MD,2018,RELP,1,8036,0.24320561709339628
MD,2018,RELP,2,3833,0.11600387385751468
MD,2018,RELP,13,942,0.028509170147085528
MD,2018,RELP,17,869,0.026299860783245567
MD,2018,RELP,12,573,0.017341565280552026
MD,2018,RELP,15,462,0.013982204467041947
MD,2018,RELP,5,382,0.011561043520368016
MD,2018,RELP,10,357,0.010804430724532414
MD,2018,RELP,7,244,0.007384540887355487
MD,2018,RELP,4,221,0.006688457115186732
MD,2018,RELP,9,183,0.0055384056655166155
MD,2018,RELP,11,182,0.005508141153683191
MD,2018,RELP,6,161,0.004872586405181284
MD,2018,RELP,16,133,0.004025180073845409
MD,2018,RELP,3,102,0.003086980207009261
MD,2018,RELP,8,41,0.0012408449851703891
MD,2018,RELP,14,4,0.00012105804733369651
MA,2018,RELP,0,18913,0.47148127835668346
MA,2018,RELP,1,9433,0.23515480879493444
MA,2018,RELP,2,4461,0.11120805703744328
MA,2018,RELP,17,2303,0.057411377573914346
MA,2018,RELP,13,1500,0.037393428728124845
MA,2018,RELP,12,1200,0.029914742982499874
MA,2018,RELP,15,390,0.00972229146931246
MA,2018,RELP,5,358,0.00892456498977913
MA,2018,RELP,10,301,0.007503614698110385
MA,2018,RELP,11,202,0.005035648402054145
MA,2018,RELP,6,200,0.004985790497083312
MA,2018,RELP,16,186,0.00463678516228748
MA,2018,RELP,7,185,0.004611856209802064
MA,2018,RELP,9,180,0.004487211447374981
MA,2018,RELP,4,156,0.0038889165877249838
MA,2018,RELP,3,101,0.0025178242010270727
MA,2018,RELP,8,45,0.0011218028618437453
MI,2018,RELP,0,25067,0.5012597984322509
MI,2018,RELP,1,12596,0.2518796992481203
MI,2018,RELP,2,5556,0.11110222364421693
MI,2018,RELP,13,1960,0.03919372900335946
MI,2018,RELP,17,1301,0.02601583746600544
MI,2018,RELP,12,771,0.015417533194688849
MI,2018,RELP,15,443,0.008858582626779715
MI,2018,RELP,5,401,0.008018717005279155
MI,2018,RELP,16,370,0.007398816189409694
MI,2018,RELP,7,315,0.006298992161254199
MI,2018,RELP,4,297,0.005939049752039674
MI,2018,RELP,10,249,0.004979203327467605
MI,2018,RELP,9,190,0.003799392097264438
MI,2018,RELP,3,162,0.0032394816829307313
MI,2018,RELP,6,157,0.0031394976803711407
MI,2018,RELP,11,155,0.0030995040793473042
MI,2018,RELP,8,16,0.00031994880819068947
MI,2018,RELP,14,2,3.9993601023836184e-05
MN,2018,RELP,0,15470,0.49869443280358466
MN,2018,RELP,1,8746,0.28193804197156763
MN,2018,RELP,2,2670,0.08607072628219593
MN,2018,RELP,13,1161,0.03742625963057284
MN,2018,RELP,17,1016,0.03275200670513523
MN,2018,RELP,12,555,0.01789110602495084
MN,2018,RELP,5,217,0.006995261274620418
MN,2018,RELP,15,212,0.006834080139260501
MN,2018,RELP,16,190,0.006124883143676864
MN,2018,RELP,10,144,0.004642016698365624
MN,2018,RELP,4,139,0.004480835563005706
MN,2018,RELP,7,113,0.003642693659134135
MN,2018,RELP,11,113,0.003642693659134135
MN,2018,RELP,3,85,0.002740079301118597
MN,2018,RELP,9,84,0.0027078430740466136
MN,2018,RELP,6,81,0.002611134392830663
MN,2018,RELP,8,18,0.000580252087295703
MN,2018,RELP,14,7,0.00022565358950388446
MS,2018,RELP,0,6860,0.5201304117067252
MS,2018,RELP,1,3255,0.2467965729016605
MS,2018,RELP,2,1417,0.10743801652892562
MS,2018,RELP,17,330,0.025020850708924104
MS,2018,RELP,13,315,0.023883539313063917
MS,2018,RELP,7,151,0.011448934718325877
MS,2018,RELP,12,148,0.01122147243915384
MS,2018,RELP,5,113,0.008567745848813405
MS,2018,RELP,16,104,0.007885359011297293
MS,2018,RELP,4,101,0.007657896732125256
MS,2018,RELP,10,97,0.007354613693229206
MS,2018,RELP,15,84,0.006368943816817045
MS,2018,RELP,9,73,0.005534915459852908
MS,2018,RELP,6,53,0.004018500265372659
MS,2018,RELP,3,50,0.0037910379862006217
MS,2018,RELP,11,27,0.002047160512548336
MS,2018,RELP,8,10,0.0007582075972401243
MS,2018,RELP,14,1,7.582075972401244e-05
MO,2018,RELP,0,16125,0.5092534108135421
MO,2018,RELP,1,8227,0.259821879737241
MO,2018,RELP,2,2942,0.09291308741788783
MO,2018,RELP,13,1153,0.036413592723597774
MO,2018,RELP,17,871,0.027507579585649318
MO,2018,RELP,12,504,0.01591712986356746
MO,2018,RELP,15,302,0.009537645275391611
MO,2018,RELP,16,269,0.008495452248610409
MO,2018,RELP,5,243,0.00767433046993431
MO,2018,RELP,7,232,0.007326932794340576
MO,2018,RELP,4,214,0.0067584638706417385
MO,2018,RELP,10,155,0.0048951490651844365
MO,2018,RELP,9,128,0.00404244567963618
MO,2018,RELP,3,101,0.003189742294087923
MO,2018,RELP,11,86,0.0027160181910055583
MO,2018,RELP,6,83,0.002621273370389085
MO,2018,RELP,8,28,0.0008842849924204143
MO,2018,RELP,14,1,3.158160687215766e-05
MT,2018,RELP,0,2839,0.5196778326926597
MT,2018,RELP,1,1480,0.2709134175361523
MT,2018,RELP,2,384,0.07029104887424492
MT,2018,RELP,13,198,0.036243822075782535
MT,2018,RELP,17,160,0.029287937030935383
MT,2018,RELP,12,106,0.019403258282994693
MT,2018,RELP,16,65,0.011898224418817499
MT,2018,RELP,15,54,0.009884678747940691
MT,2018,RELP,5,35,0.006406736225517115
MT,2018,RELP,9,26,0.004759289767527
MT,2018,RELP,4,23,0.004210140948196961
MT,2018,RELP,10,22,0.004027091341753615
MT,2018,RELP,3,20,0.003660992128866923
MT,2018,RELP,7,16,0.0029287937030935385
MT,2018,RELP,6,14,0.002562694490206846
MT,2018,RELP,11,14,0.002562694490206846
MT,2018,RELP,8,7,0.001281347245103423
NE,2018,RELP,0,5544,0.5140472878998609
NE,2018,RELP,1,2956,0.2740843764487714
NE,2018,RELP,2,816,0.0756606397774687
NE,2018,RELP,17,395,0.03662494204914233
NE,2018,RELP,13,359,0.03328697264719518
NE,2018,RELP,12,207,0.019193324061196105
NE,2018,RELP,15,85,0.007881316643486324
NE,2018,RELP,16,84,0.007788595271210014
NE,2018,RELP,5,80,0.007417709782104775
NE,2018,RELP,7,48,0.004450625869262865
NE,2018,RELP,4,46,0.004265183124710246
NE,2018,RELP,3,44,0.004079740380157626
NE,2018,RELP,10,39,0.0036161335187760778
NE,2018,RELP,9,25,0.0023180343069077423
NE,2018,RELP,11,25,0.0023180343069077423
NE,2018,RELP,6,23,0.002132591562355123
NE,2018,RELP,14,5,0.0004636068613815484
NE,2018,RELP,8,4,0.0003708854891052388
NV,2018,RELP,0,7607,0.5137434996960897
NV,2018,RELP,1,3194,0.215708786384818
NV,2018,RELP,2,1588,0.1072465725670291
NV,2018,RELP,13,636,0.04295265752684541
NV,2018,RELP,12,372,0.025123252515702032
NV,2018,RELP,5,227,0.015330586884581617
NV,2018,RELP,15,196,0.013236982508273114
NV,2018,RELP,10,195,0.013169446883230905
NV,2018,RELP,6,176,0.01188627000742892
NV,2018,RELP,11,109,0.007361383129600865
NV,2018,RELP,9,102,0.006888633754305396
NV,2018,RELP,4,102,0.006888633754305396
NV,2018,RELP,16,100,0.006753562504220977
NV,2018,RELP,7,94,0.006348348753967718
NV,2018,RELP,17,49,0.0033092456270682785
NV,2018,RELP,3,41,0.0027689606267306006
NV,2018,RELP,8,18,0.0012156412507597757
NV,2018,RELP,14,1,6.753562504220977e-05
NH,2018,RELP,0,3816,0.47903590258599044
NH,2018,RELP,1,2074,0.2603565151895556
NH,2018,RELP,2,791,0.09929701230228472
NH,2018,RELP,17,371,0.04657293497363796
NH,2018,RELP,13,356,0.044689932211900575
NH,2018,RELP,12,115,0.014436354506653277
NH,2018,RELP,15,90,0.011298016570424303
NH,2018,RELP,16,57,0.007155410494602059
NH,2018,RELP,4,46,0.005774541802661311
NH,2018,RELP,11,43,0.005397941250313834
NH,2018,RELP,9,41,0.005146874215415516
NH,2018,RELP,5,37,0.00464474014561888
NH,2018,RELP,7,36,0.0045192066281697215
NH,2018,RELP,10,31,0.003891539040923927
NH,2018,RELP,6,29,0.003640472006025609
NH,2018,RELP,3,23,0.0028872709013306555
NH,2018,RELP,8,10,0.0012553351744915891
NJ,2018,RELP,0,22964,0.4806094472698353
NJ,2018,RELP,1,12018,0.25152257173353426
NJ,2018,RELP,2,6687,0.13995102655867395
NJ,2018,RELP,13,1418,0.029677068290743184
NJ,2018,RELP,17,852,0.01783135555974132
NJ,2018,RELP,12,596,0.01247357736338712
NJ,2018,RELP,15,482,0.01008769176032314
NJ,2018,RELP,10,464,0.009710972980891986
NJ,2018,RELP,5,451,0.009438898306858375
NJ,2018,RELP,16,347,0.007262300914589482
NJ,2018,RELP,7,297,0.006215859860614052
NJ,2018,RELP,9,287,0.006006571649818966
NJ,2018,RELP,6,284,0.0059437851865804395
NJ,2018,RELP,4,269,0.005629852870387811
NJ,2018,RELP,11,162,0.0033904690148803917
NJ,2018,RELP,3,141,0.002950963772210711
NJ,2018,RELP,8,60,0.0012557292647705155
NJ,2018,RELP,14,2,4.185764215901718e-05
NM,2018,RELP,0,4546,0.5218689013890483
NM,2018,RELP,1,1940,0.22270692228217195
NM,2018,RELP,2,864,0.0991849385834003
NM,2018,RELP,13,399,0.04580415566525083
NM,2018,RELP,17,159,0.01825278383652853
NM,2018,RELP,16,120,0.013775685914361152
NM,2018,RELP,12,120,0.013775685914361152
NM,2018,RELP,5,98,0.011250143496728274
NM,2018,RELP,7,88,0.010102169670531512
NM,2018,RELP,15,80,0.009183790609574102
NM,2018,RELP,10,68,0.007806222018137987
NM,2018,RELP,9,61,0.007002640339800252
NM,2018,RELP,6,53,0.006084261278842843
NM,2018,RELP,4,50,0.005739869130983814
NM,2018,RELP,11,41,0.004706692687406727
NM,2018,RELP,3,15,0.001721960739295144
NM,2018,RELP,8,8,0.0009183790609574102
NM,2018,RELP,14,1,0.00011479738261967628
NY,2018,RELP,0,49564,0.4811057939643374
NY,2018,RELP,1,23345,0.22660428456334145
NY,2018,RELP,2,12945,0.12565399287523904
NY,2018,RELP,13,3690,0.035817940031644034
NY,2018,RELP,17,3477,0.033750400403801166
NY,2018,RELP,12,2310,0.022422612865338136
NY,2018,RELP,15,1362,0.013220605507614952
NY,2018,RELP,5,1351,0.013113831160637152
NY,2018,RELP,10,1220,0.011842245755719707
NY,2018,RELP,6,790,0.007668339464769319
NY,2018,RELP,11,671,0.006513235165645839
NY,2018,RELP,7,627,0.006086137777734636
NY,2018,RELP,9,568,0.005513439007580979
NY,2018,RELP,4,452,0.00438745498490599
NY,2018,RELP,16,280,0.0027178924685258344
NY,2018,RELP,3,262,0.002543170809834888
NY,2018,RELP,8,105,0.001019209675697188
NY,2018,RELP,14,2,1.941351763232739e-05
NC,2018,RELP,0,26727,0.5133193769566136
NC,2018,RELP,1,13217,0.25384600610751534
NC,2018,RELP,2,4885,0.09382142239806403
NC,2018,RELP,17,1715,0.032938329460118695
NC,2018,RELP,13,1690,0.032458178884898305
NC,2018,RELP,12,854,0.016401943649528492
NC,2018,RELP,16,460,0.008834770584055159
NC,2018,RELP,15,408,0.00783605738759675
NC,2018,RELP,5,384,0.0073751128353851765
NC,2018,RELP,7,375,0.007202258628305837
NC,2018,RELP,10,343,0.006587665892023738
NC,2018,RELP,4,279,0.005358480419459542
NC,2018,RELP,9,202,0.003879616647780744
NC,2018,RELP,6,187,0.0035915263026485107
NC,2018,RELP,11,183,0.0035147022106132484
NC,2018,RELP,3,112,0.002151074576987343
NC,2018,RELP,8,42,0.0008066529663702537
NC,2018,RELP,14,4,7.682409203526226e-05
ND,2018,RELP,0,2327,0.522334455667789
ND,2018,RELP,1,1241,0.2785634118967452
ND,2018,RELP,2,284,0.06374859708193041
ND,2018,RELP,17,172,0.038608305274971944
ND,2018,RELP,13,153,0.03434343434343434
ND,2018,RELP,12,79,0.017732884399551067
ND,2018,RELP,15,37,0.008305274971941638
ND,2018,RELP,16,32,0.00718294051627385
ND,2018,RELP,5,29,0.006509539842873177
ND,2018,RELP,7,19,0.004264870931537598
ND,2018,RELP,11,17,0.0038159371492704824
ND,2018,RELP,10,16,0.003591470258136925
ND,2018,RELP,4,16,0.003591470258136925
ND,2018,RELP,3,11,0.0024691358024691358
ND,2018,RELP,6,11,0.0024691358024691358
ND,2018,RELP,9,8,0.0017957351290684624
ND,2018,RELP,14,2,0.0004489337822671156
ND,2018,RELP,8,1,0.0002244668911335578
OH,2018,RELP,0,31612,0.5087631769534079
OH,2018,RELP,1,15149,0.24380783777259193
OH,2018,RELP,2,6478,0.10425686006276656
OH,2018,RELP,13,2488,0.040041844371127386
OH,2018,RELP,17,2051,0.03300877122394785
OH,2018,RELP,12,1033,0.016625090528687537
OH,2018,RELP,15,553,0.008899975859016657
OH,2018,RELP,5,468,0.007531986802929106
OH,2018,RELP,16,445,0.00716182505834071
OH,2018,RELP,7,413,0.006646817413695985
OH,2018,RELP,4,386,0.006212279713526997
OH,2018,RELP,10,306,0.004924760601915185
OH,2018,RELP,9,228,0.0036694294680936672
OH,2018,RELP,3,170,0.0027359781121751026
OH,2018,RELP,6,159,0.002558944234328478
OH,2018,RELP,11,151,0.002430192323167297
OH,2018,RELP,8,44,0.0007081355113864971
OH,2018,RELP,14,1,1.6093988895147664e-05
OK,2018,RELP,0,9118,0.5089021599598147
OK,2018,RELP,1,4503,0.2513255567338282
OK,2018,RELP,2,1530,0.08539376011609086
OK,2018,RELP,13,613,0.0342133169615449
OK,2018,RELP,17,590,0.03292961991404811
OK,2018,RELP,16,260,0.014511357928224592
OK,2018,RELP,12,239,0.013339286710944913
OK,2018,RELP,15,187,0.010437015125299995
OK,2018,RELP,7,156,0.008706814756934755
OK,2018,RELP,5,153,0.008539376011609087
OK,2018,RELP,10,135,0.007534743539655076
OK,2018,RELP,4,124,0.006920801473460959
OK,2018,RELP,9,100,0.005581291510855612
OK,2018,RELP,6,79,0.004409220293575934
OK,2018,RELP,11,66,0.003683652397164704
OK,2018,RELP,3,46,0.0025673940949935813
OK,2018,RELP,8,15,0.0008371937266283418
OK,2018,RELP,14,3,0.00016743874532566835
OR,2018,RELP,0,10769,0.4913089100780145
OR,2018,RELP,1,5450,0.24864273005155343
OR,2018,RELP,2,1888,0.08613531639217117
OR,2018,RELP,13,990,0.04516629408275925
OR,2018,RELP,12,797,0.03636114786258497
OR,2018,RELP,17,558,0.02545736575573703
OR,2018,RELP,15,273,0.012454947762215429
OR,2018,RELP,5,217,0.009900086682786623
OR,2018,RELP,11,148,0.00675213285277613
OR,2018,RELP,4,143,0.006524020256398558
OR,2018,RELP,16,141,0.00643277521784753
OR,2018,RELP,9,134,0.006113417582918929
OR,2018,RELP,10,120,0.005474702313061727
OR,2018,RELP,7,116,0.0052922122359596695
OR,2018,RELP,6,86,0.003923536657694238
OR,2018,RELP,3,55,0.002509238560153292
OR,2018,RELP,8,29,0.0013230530589899174
OR,2018,RELP,14,5,0.00022811259637757196
PA,2018,RELP,0,33304,0.4875563623587281
PA,2018,RELP,1,17355,0.2540698014873807
PA,2018,RELP,2,7801,0.11420331439948468
PA,2018,RELP,17,2797,0.04094688762663231
PA,2018,RELP,13,2456,0.035954792996427946
PA,2018,RELP,12,916,0.01340984950518241
PA,2018,RELP,15,616,0.009017977396498214
PA,2018,RELP,16,573,0.008388475727586813
PA,2018,RELP,5,468,0.006851320489547345
PA,2018,RELP,4,382,0.005592317151724542
PA,2018,RELP,10,378,0.005533758856942086
PA,2018,RELP,7,368,0.005387363119985946
PA,2018,RELP,9,259,0.0037916495871640216
PA,2018,RELP,6,230,0.0033671019499912163
PA,2018,RELP,3,189,0.002766879428471043
PA,2018,RELP,11,152,0.0022252152017333254
PA,2018,RELP,8,61,0.0008930139954324531
PA,2018,RELP,14,3,4.391872108684195e-05
RI,2018,RELP,0,2765,0.4840686274509804
RI,2018,RELP,1,1281,0.22426470588235295
RI,2018,RELP,2,637,0.11151960784313726
RI,2018,RELP,17,342,0.059873949579831935
RI,2018,RELP,13,271,0.04744397759103641
RI,2018,RELP,12,88,0.015406162464985995
RI,2018,RELP,7,52,0.009103641456582634
RI,2018,RELP,15,49,0.00857843137254902
RI,2018,RELP,5,49,0.00857843137254902
RI,2018,RELP,10,42,0.007352941176470588
RI,2018,RELP,4,30,0.005252100840336135
RI,2018,RELP,9,24,0.004201680672268907
RI,2018,RELP,3,24,0.004201680672268907
RI,2018,RELP,11,21,0.003676470588235294
RI,2018,RELP,6,19,0.003326330532212885
RI,2018,RELP,16,15,0.0026260504201680674
RI,2018,RELP,8,3,0.0005252100840336134
SC,2018,RELP,0,12563,0.5049640258852848
SC,2018,RELP,1,5950,0.23915752240845692
SC,2018,RELP,2,2563,0.10301861007275212
SC,2018,RELP,17,1102,0.0442943848225411
SC,2018,RELP,13,758,0.030467462518589974
SC,2018,RELP,12,420,0.016881707464126372
SC,2018,RELP,7,241,0.009686884521082037
SC,2018,RELP,15,207,0.008320270107319425
SC,2018,RELP,5,187,0.007516379275694361
SC,2018,RELP,4,178,0.007154628401463081
SC,2018,RELP,16,162,0.006511515736163029
SC,2018,RELP,10,161,0.0064713211945817755
SC,2018,RELP,9,116,0.004662566823425379
SC,2018,RELP,6,96,0.0038586759918003135
SC,2018,RELP,11,95,0.0038184814502190603
SC,2018,RELP,3,61,0.0024518670364564493
SC,2018,RELP,8,18,0.0007235017484625587
SC,2018,RELP,14,1,4.019454158125327e-05
SD,2018,RELP,0,2521,0.5145948152684221
SD,2018,RELP,1,1345,0.27454582567870994
SD,2018,RELP,2,365,0.07450500102061645
SD,2018,RELP,17,208,0.042457644417228005
SD,2018,RELP,13,170,0.0347009593794652
SD,2018,RELP,12,58,0.011839150847111655
SD,2018,RELP,16,46,0.009389671361502348
SD,2018,RELP,15,38,0.007756685037762809
SD,2018,RELP,5,31,0.006327822004490713
SD,2018,RELP,4,21,0.004286589099816289
SD,2018,RELP,7,21,0.004286589099816289
SD,2018,RELP,3,20,0.004082465809348847
SD,2018,RELP,11,18,0.003674219228413962
SD,2018,RELP,6,15,0.003061849357011635
SD,2018,RELP,10,15,0.003061849357011635
SD,2018,RELP,9,4,0.0008164931618697694
SD,2018,RELP,8,3,0.000612369871402327
TN,2018,RELP,0,17340,0.509955003970238
TN,2018,RELP,1,8555,0.2515954474605182
TN,2018,RELP,2,3325,0.09778548951563097
TN,2018,RELP,13,1104,0.0324677234361674
TN,2018,RELP,17,874,0.025703614386965855
TN,2018,RELP,12,623,0.018321912772402436
TN,2018,RELP,7,318,0.00935211598976561
TN,2018,RELP,16,300,0.00882275093374114
TN,2018,RELP,5,291,0.008558068405728906
TN,2018,RELP,15,289,0.008499250066170631
TN,2018,RELP,4,236,0.006940564067876364
TN,2018,RELP,10,210,0.0061759256536187985
TN,2018,RELP,9,183,0.005381878069582096
TN,2018,RELP,11,120,0.0035291003734964563
TN,2018,RELP,6,112,0.003293827015263359
TN,2018,RELP,3,85,0.0024997794312266565
TN,2018,RELP,8,35,0.0010293209422697997
TN,2018,RELP,14,3,8.822750933741141e-05
TX,2018,RELP,0,68821,0.506319708072158
TX,2018,RELP,1,33384,0.24560783967511257
TX,2018,RELP,2,14958,0.11004679085371237
TX,2018,RELP,13,4049,0.029788705453047293
TX,2018,RELP,17,2324,0.017097789941437864
TX,2018,RELP,12,2288,0.016832936052499928
TX,2018,RELP,5,1608,0.011830140372561138
TX,2018,RELP,10,1333,0.009806950943174127
TX,2018,RELP,15,1196,0.00879903475471587
TX,2018,RELP,7,1076,0.007916188458256083
TX,2018,RELP,16,1073,0.00789411730084459
TX,2018,RELP,4,932,0.006856772902504341
TX,2018,RELP,9,914,0.006724345958035373
TX,2018,RELP,6,830,0.006106353550513522
TX,2018,RELP,11,586,0.0043112327477119565
TX,2018,RELP,3,371,0.0027294664665548393
TX,2018,RELP,8,173,0.001272770077396192
TX,2018,RELP,14,8,5.885641976398576e-05
UT,2018,RELP,0,7299,0.4467772540858175
UT,2018,RELP,1,4471,0.2736732570239334
UT,2018,RELP,2,2019,0.12358450143845259
UT,2018,RELP,17,578,0.03537981269510926
UT,2018,RELP,12,443,0.027116361633102774
UT,2018,RELP,13,329,0.02013833629185285
UT,2018,RELP,5,172,0.01052824876048234
UT,2018,RELP,9,165,0.010099773520230152
UT,2018,RELP,10,158,0.009671298279977964
UT,2018,RELP,15,134,0.008202240313399034
UT,2018,RELP,7,111,0.0067943930954275575
UT,2018,RELP,4,104,0.0063659178551753685
UT,2018,RELP,11,96,0.005876231866315725
UT,2018,RELP,16,86,0.00526412438024117
UT,2018,RELP,6,75,0.0045908061455591604
UT,2018,RELP,3,68,0.004162330905306972
UT,2018,RELP,8,26,0.0015914794637938421
UT,2018,RELP,14,3,0.0001836322458223664
VT,2018,RELP,0,1871,0.4966817095832227
VT,2018,RELP,1,969,0.2572338731085745
VT,2018,RELP,2,282,0.07486063180249536
VT,2018,RELP,17,248,0.06583488186886116
VT,2018,RELP,13,159,0.04220865410140696
VT,2018,RELP,12,57,0.01513140430050438
VT,2018,RELP,15,47,0.01247677196708256
VT,2018,RELP,5,23,0.006105654366870188
VT,2018,RELP,16,22,0.005840191133528006
VT,2018,RELP,11,18,0.004778338200159278
VT,2018,RELP,10,14,0.0037164852667905496
VT,2018,RELP,9,14,0.0037164852667905496
VT,2018,RELP,7,12,0.003185558800106185
VT,2018,RELP,3,11,0.002920095566764003
VT,2018,RELP,4,11,0.002920095566764003
VT,2018,RELP,6,7,0.0018582426333952748
VT,2018,RELP,8,1,0.0002654632333421821
VT,2018,RELP,14,1,0.0002654632333421821
VA,2018,RELP,0,22889,0.4960341539528433
VA,2018,RELP,1,11772,0.25511442441054094
VA,2018,RELP,2,4495,0.0974124479889043
VA,2018,RELP,17,1656,0.0358876560332871
VA,2018,RELP,13,1360,0.029472954230235784
VA,2018,RELP,12,1029,0.0222997572815534
VA,2018,RELP,15,451,0.009773751733703191
VA,2018,RELP,5,413,0.008950242718446601
VA,2018,RELP,16,347,0.00751993758668516
VA,2018,RELP,10,347,0.00751993758668516
VA,2018,RELP,7,285,0.00617631761442441
VA,2018,RELP,4,268,0.005807905686546463
VA,2018,RELP,11,246,0.005331137309292649
VA,2018,RELP,6,221,0.0047893550624133144
VA,2018,RELP,9,196,0.00424757281553398
VA,2018,RELP,3,123,0.0026655686546463247
VA,2018,RELP,8,41,0.0008885228848821082
VA,2018,RELP,14,5,0.00010835644937586686
WA,2018,RELP,0,19804,0.49579411175645904
WA,2018,RELP,1,10131,0.25363008211496096
WA,2018,RELP,2,3576,0.08952533546965752
WA,2018,RELP,13,1653,0.041382936110554776
WA,2018,RELP,12,1147,0.028715201281794514
WA,2018,RELP,17,1011,0.025310434608451834
WA,2018,RELP,15,438,0.010965351492088925
WA,2018,RELP,5,355,0.008887442419387142
WA,2018,RELP,11,285,0.007134988984578409
WA,2018,RELP,10,277,0.00693470859202884
WA,2018,RELP,16,261,0.006534147806929702
WA,2018,RELP,4,255,0.006383937512517524
WA,2018,RELP,9,215,0.005382535549769678
WA,2018,RELP,7,198,0.004956939715601842
WA,2018,RELP,6,198,0.004956939715601842
WA,2018,RELP,3,94,0.0023532946124574404
WA,2018,RELP,8,44,0.0011015421590226317
WA,2018,RELP,14,2,5.007009813739235e-05
WV,2018,RELP,0,4097,0.5056152042453412
WV,2018,RELP,1,2085,0.25731210662717513
WV,2018,RELP,2,783,0.09663087745279526
WV,2018,RELP,13,332,0.040972479328643716
WV,2018,RELP,17,196,0.024188572133777612
WV,2018,RELP,12,121,0.01493274096013822
WV,2018,RELP,16,105,0.01295816364309515
WV,2018,RELP,7,79,0.009749475502900161
WV,2018,RELP,15,73,0.009009009009009009
WV,2018,RELP,5,47,0.005800320868814019
WV,2018,RELP,4,44,0.005430087621868444
WV,2018,RELP,9,42,0.00518326545723806
WV,2018,RELP,10,32,0.003949154634086141
WV,2018,RELP,3,27,0.0033320992225101815
WV,2018,RELP,6,19,0.0023448105639886463
WV,2018,RELP,11,19,0.0023448105639886463
WV,2018,RELP,8,2,0.0002468221646303838
WI,2018,RELP,0,16345,0.5
WI,2018,RELP,1,9111,0.27870908534720096
WI,2018,RELP,2,3061,0.09363719791985317
WI,2018,RELP,13,1378,0.04215356378097278
WI,2018,RELP,17,994,0.030406852248394005
WI,2018,RELP,12,418,0.01278678494952585
WI,2018,RELP,15,247,0.007555827470174365
WI,2018,RELP,16,194,0.005934536555521566
WI,2018,RELP,5,182,0.00556745182012848
WI,2018,RELP,4,172,0.005261547873967574
WI,2018,RELP,10,122,0.0037320281431630466
WI,2018,RELP,7,119,0.0036402569593147753
WI,2018,RELP,11,92,0.0028143163046803303
WI,2018,RELP,6,89,0.0027225451208320586
WI,2018,RELP,9,81,0.002477821963903334
WI,2018,RELP,3,67,0.0020495564392780667
WI,2018,RELP,8,16,0.0004894463138574488
WI,2018,RELP,14,2,6.11807892321811e-05
WY,2018,RELP,0,1590,0.5189295039164491
WY,2018,RELP,1,830,0.27088772845953
WY,2018,RELP,2,217,0.070822454308094
WY,2018,RELP,13,119,0.03883812010443864
WY,2018,RELP,17,86,0.028067885117493474
WY,2018,RELP,12,68,0.022193211488250653
WY,2018,RELP,15,27,0.00881201044386423
WY,2018,RELP,16,24,0.007832898172323759
WY,2018,RELP,7,21,0.00685378590078329
WY,2018,RELP,4,17,0.005548302872062663
WY,2018,RELP,10,15,0.00489556135770235
WY,2018,RELP,11,13,0.004242819843342037
WY,2018,RELP,9,12,0.0039164490861618795
WY,2018,RELP,5,9,0.00293733681462141
WY,2018,RELP,3,8,0.0026109660574412533
WY,2018,RELP,6,6,0.0019582245430809398
WY,2018,RELP,8,2,0.0006527415143603133
AL,2021,RELSHIPP,20,11639,0.5119869792812212
AL,2021,RELSHIPP,21,5643,0.24822944617956275
AL,2021,RELSHIPP,25,2295,0.10095455945101835
AL,2021,RELSHIPP,38,693,0.030484317951876127
AL,2021,RELSHIPP,22,576,0.0253376149210399
AL,2021,RELSHIPP,34,297,0.013064707693661198
AL,2021,RELSHIPP,30,279,0.0122729072273787
AL,2021,RELSHIPP,28,208,0.009149694277042186
AL,2021,RELSHIPP,33,188,0.008269915981172745
AL,2021,RELSHIPP,36,180,0.007918004662824968
AL,2021,RELSHIPP,37,180,0.007918004662824968
AL,2021,RELSHIPP,27,168,0.0073901376853033034
AL,2021,RELSHIPP,32,114,0.005014736286455813
AL,2021,RELSHIPP,26,81,0.0035631020982712356
AL,2021,RELSHIPP,29,78,0.0034311353538908195
AL,2021,RELSHIPP,24,50,0.0021994457396736023
AL,2021,RELSHIPP,23,45,0.001979501165706242
AL,2021,RELSHIPP,31,16,0.0007038226366955527
AL,2021,RELSHIPP,35,3,0.00013196674438041613
AK,2021,RELSHIPP,20,1566,0.47483323226197693
AK,2021,RELSHIPP,21,674,0.20436628259551243
AK,2021,RELSHIPP,25,360,0.1091570648878108
AK,2021,RELSHIPP,38,281,0.08520315342631898
AK,2021,RELSHIPP,22,153,0.04639175257731959
AK,2021,RELSHIPP,34,58,0.01758641600970285
AK,2021,RELSHIPP,36,40,0.01212856276531231
AK,2021,RELSHIPP,28,36,0.010915706488781079
AK,2021,RELSHIPP,33,27,0.00818677986658581
AK,2021,RELSHIPP,30,21,0.006367495451788963
AK,2021,RELSHIPP,27,20,0.006064281382656155
AK,2021,RELSHIPP,32,15,0.004548211036992117
AK,2021,RELSHIPP,26,15,0.004548211036992117
AK,2021,RELSHIPP,29,12,0.0036385688295936932
AK,2021,RELSHIPP,37,6,0.0018192844147968466
AK,2021,RELSHIPP,23,6,0.0018192844147968466
AK,2021,RELSHIPP,31,5,0.0015160703456640388
AK,2021,RELSHIPP,24,3,0.0009096422073984233
AZ,2021,RELSHIPP,20,17100,0.4976137818647422
AZ,2021,RELSHIPP,21,7658,0.22284949365615178
AZ,2021,RELSHIPP,25,3789,0.11026073798160867
AZ,2021,RELSHIPP,22,1463,0.04257362355953905
AZ,2021,RELSHIPP,34,874,0.025433593295309045
AZ,2021,RELSHIPP,38,685,0.019933651495751367
AZ,2021,RELSHIPP,28,459,0.0133570015132115
AZ,2021,RELSHIPP,36,415,0.012076591782097544
AZ,2021,RELSHIPP,33,316,0.009195669887091142
AZ,2021,RELSHIPP,37,311,0.009050168781282737
AZ,2021,RELSHIPP,30,279,0.008118961704108951
AZ,2021,RELSHIPP,27,221,0.006431148876731463
AZ,2021,RELSHIPP,29,204,0.005936445116982889
AZ,2021,RELSHIPP,32,196,0.005703643347689443
AZ,2021,RELSHIPP,23,130,0.0037830287510185077
AZ,2021,RELSHIPP,26,114,0.0033174252124316145
AZ,2021,RELSHIPP,24,96,0.0027936212315213594
AZ,2021,RELSHIPP,31,50,0.0014550110580840415
AZ,2021,RELSHIPP,35,4,0.00011640088464672332
AR,2021,RELSHIPP,20,7009,0.5171167183119374
AR,2021,RELSHIPP,21,3594,0.26516157591854805
AR,2021,RELSHIPP,25,1232,0.09089567655304708
AR,2021,RELSHIPP,22,441,0.03253652058432935
AR,2021,RELSHIPP,38,224,0.01652648664600856
AR,2021,RELSHIPP,34,189,0.013944223107569721
AR,2021,RELSHIPP,28,135,0.0099601593625498
AR,2021,RELSHIPP,30,126,0.009296148738379814
AR,2021,RELSHIPP,36,120,0.008853474988933156
AR,2021,RELSHIPP,33,108,0.00796812749003984
AR,2021,RELSHIPP,37,93,0.006861443116423196
AR,2021,RELSHIPP,32,71,0.0052383060351187845
AR,2021,RELSHIPP,27,64,0.004721853327431017
AR,2021,RELSHIPP,29,54,0.00398406374501992
AR,2021,RELSHIPP,23,32,0.0023609266637155085
AR,2021,RELSHIPP,26,28,0.00206581083075107
AR,2021,RELSHIPP,24,19,0.001401800206581083
AR,2021,RELSHIPP,31,12,0.0008853474988933156
AR,2021,RELSHIPP,35,3,0.0002213368747233289
CA,2021,RELSHIPP,20,88487,0.4603351315919531
CA,2021,RELSHIPP,21,40785,0.21217544206468528
CA,2021,RELSHIPP,25,25975,0.13512951103666054
CA,2021,RELSHIPP,22,6939,0.03609869786654042
CA,2021,RELSHIPP,34,6348,0.033024143832944025
CA,2021,RELSHIPP,38,4022,0.020923614759940277
CA,2021,RELSHIPP,28,3822,0.019883156542141157
CA,2021,RELSHIPP,33,3296,0.017146751429329476
CA,2021,RELSHIPP,36,2806,0.014597628795721636
CA,2021,RELSHIPP,29,2307,0.012001685542312835
CA,2021,RELSHIPP,32,1779,0.00925487584732316
CA,2021,RELSHIPP,30,1450,0.007543322079043611
CA,2021,RELSHIPP,27,1115,0.0058005545642300866
CA,2021,RELSHIPP,37,870,0.004525993247426166
CA,2021,RELSHIPP,23,845,0.004395935970201276
CA,2021,RELSHIPP,24,520,0.0027051913662777087
CA,2021,RELSHIPP,26,503,0.0026167524177647837
CA,2021,RELSHIPP,31,340,0.001768778970258502
CA,2021,RELSHIPP,35,14,7.283207524593832e-05
CO,2021,RELSHIPP,20,16175,0.5050268515049332
CO,2021,RELSHIPP,21,7860,0.24541026601723492
CO,2021,RELSHIPP,25,2817,0.08795428999625328
CO,2021,RELSHIPP,22,1297,0.040495816160859247
CO,2021,RELSHIPP,34,1099,0.03431372549019608
CO,2021,RELSHIPP,38,800,0.024978144123891596
CO,2021,RELSHIPP,36,384,0.011989509179467965
CO,2021,RELSHIPP,28,277,0.008648682402897465
CO,2021,RELSHIPP,33,216,0.0067440989134507304
CO,2021,RELSHIPP,30,184,0.0057449731484950665
CO,2021,RELSHIPP,32,174,0.005432746346946422
CO,2021,RELSHIPP,27,168,0.005245410266017235
CO,2021,RELSHIPP,29,139,0.004339952541526164
CO,2021,RELSHIPP,37,117,0.0036530535781191457
CO,2021,RELSHIPP,26,99,0.0030910453353315847
CO,2021,RELSHIPP,23,96,0.0029973772948669914
CO,2021,RELSHIPP,24,83,0.002591482452853753
CO,2021,RELSHIPP,31,41,0.0012801298863494442
CO,2021,RELSHIPP,35,2,6.244536030972898e-05
CT,2021,RELSHIPP,20,9445,0.48401147893819824
CT,2021,RELSHIPP,21,4773,0.24459362508967922
CT,2021,RELSHIPP,25,2412,0.12360356667008301
CT,2021,RELSHIPP,38,742,0.038023982781592705
CT,2021,RELSHIPP,22,703,0.03602541764886748
CT,2021,RELSHIPP,34,265,0.013579993850568822
CT,2021,RELSHIPP,36,203,0.010402787742133853
CT,2021,RELSHIPP,28,174,0.008916675207543303
CT,2021,RELSHIPP,33,113,0.0057907143589218
CT,2021,RELSHIPP,37,109,0.005585733319667931
CT,2021,RELSHIPP,30,99,0.005073280721533258
CT,2021,RELSHIPP,27,98,0.005022035461719791
CT,2021,RELSHIPP,29,86,0.004407092343958184
CT,2021,RELSHIPP,32,81,0.004150866044890848
CT,2021,RELSHIPP,23,78,0.003997130265450446
CT,2021,RELSHIPP,26,62,0.00317720610843497
CT,2021,RELSHIPP,24,48,0.0024597724710464283
CT,2021,RELSHIPP,31,22,0.0011273957158962795
CT,2021,RELSHIPP,35,1,5.124525981346726e-05
DE,2021,RELSHIPP,20,2316,0.49989207856680334
DE,2021,RELSHIPP,21,1094,0.23613209583423267
DE,2021,RELSHIPP,25,541,0.11677099071875674
DE,2021,RELSHIPP,22,165,0.03561407295488884
DE,2021,RELSHIPP,38,103,0.022231815238506366
DE,2021,RELSHIPP,34,79,0.01705158644506799
DE,2021,RELSHIPP,36,54,0.011655514785236349
DE,2021,RELSHIPP,28,50,0.010792143319663286
DE,2021,RELSHIPP,33,46,0.009928771854090222
DE,2021,RELSHIPP,30,40,0.008633714655730628
DE,2021,RELSHIPP,27,31,0.006691128858191237
DE,2021,RELSHIPP,23,27,0.005827757392618174
DE,2021,RELSHIPP,29,23,0.004964385927045111
DE,2021,RELSHIPP,37,21,0.0045327001942585795
DE,2021,RELSHIPP,32,16,0.003453485862292251
DE,2021,RELSHIPP,26,10,0.002158428663932657
DE,2021,RELSHIPP,31,8,0.0017267429311461256
DE,2021,RELSHIPP,24,8,0.0017267429311461256
DE,2021,RELSHIPP,35,1,0.0002158428663932657
FL,2021,RELSHIPP,20,49595,0.5092516531810901
FL,2021,RELSHIPP,21,22185,0.22780013964759518
FL,2021,RELSHIPP,25,10589,0.10873002834024725
FL,2021,RELSHIPP,22,3925,0.040302706698977286
FL,2021,RELSHIPP,34,2090,0.02146054955435988
FL,2021,RELSHIPP,38,1312,0.013471885653263236
FL,2021,RELSHIPP,36,1192,0.012239700989855013
FL,2021,RELSHIPP,28,1135,0.011654413274736108
FL,2021,RELSHIPP,33,1019,0.010463301433441492
FL,2021,RELSHIPP,29,744,0.007639544913130981
FL,2021,RELSHIPP,30,742,0.007619008502074177
FL,2021,RELSHIPP,27,674,0.006920770526142851
FL,2021,RELSHIPP,32,563,0.005780999712490245
FL,2021,RELSHIPP,37,479,0.00491847044810449
FL,2021,RELSHIPP,23,444,0.004559083254610424
FL,2021,RELSHIPP,24,303,0.0031112662751057625
FL,2021,RELSHIPP,26,278,0.002854561136895716
FL,2021,RELSHIPP,31,114,0.0011705754302378116
FL,2021,RELSHIPP,35,5,5.134102764200928e-05
GA,2021,RELSHIPP,20,23532,0.4939650286529944
GA,2021,RELSHIPP,21,11151,0.23407292344507652
GA,2021,RELSHIPP,25,5091,0.10686622305254098
GA,2021,RELSHIPP,38,1546,0.03245240244337622
GA,2021,RELSHIPP,22,1345,0.02823317030164361
GA,2021,RELSHIPP,34,1032,0.021662923235164465
GA,2021,RELSHIPP,37,675,0.014169063162534898
GA,2021,RELSHIPP,28,537,0.011272276915972207
GA,2021,RELSHIPP,36,493,0.010348663909821785
GA,2021,RELSHIPP,30,474,0.009949831020802285
GA,2021,RELSHIPP,33,472,0.00990784861143181
GA,2021,RELSHIPP,27,322,0.006759167908646277
GA,2021,RELSHIPP,29,256,0.005373748399420643
GA,2021,RELSHIPP,32,224,0.004702029849493063
GA,2021,RELSHIPP,24,153,0.0032116543168412433
GA,2021,RELSHIPP,23,145,0.0030437246793593485
GA,2021,RELSHIPP,26,141,0.002959759860618401
GA,2021,RELSHIPP,31,48,0.0010075778248913704
GA,2021,RELSHIPP,35,2,4.198240937047377e-05
HI,2021,RELSHIPP,20,3105,0.40561724363161333
HI,2021,RELSHIPP,21,1628,0.21267145656433703
HI,2021,RELSHIPP,25,1059,0.13834095362508164
HI,2021,RELSHIPP,38,338,0.0441541476159373
HI,2021,RELSHIPP,33,231,0.030176355323318093
HI,2021,RELSHIPP,22,208,0.027171783148269107
HI,2021,RELSHIPP,34,192,0.025081645983017636
HI,2021,RELSHIPP,36,188,0.024559111691704768
HI,2021,RELSHIPP,32,156,0.02037883736120183
HI,2021,RELSHIPP,28,156,0.02037883736120183
HI,2021,RELSHIPP,30,128,0.01672109732201176
HI,2021,RELSHIPP,29,79,0.010320052253429132
HI,2021,RELSHIPP,27,56,0.007315480078380144
HI,2021,RELSHIPP,23,30,0.003919007184846506
HI,2021,RELSHIPP,26,29,0.0037883736120182887
HI,2021,RELSHIPP,31,25,0.0032658393207054214
HI,2021,RELSHIPP,24,24,0.0031352057478772045
HI,2021,RELSHIPP,37,23,0.0030045721750489875
ID,2021,RELSHIPP,20,4284,0.4907778668805132
ID,2021,RELSHIPP,21,2423,0.27758047886355824
ID,2021,RELSHIPP,25,842,0.09646007561003551
ID,2021,RELSHIPP,22,292,0.033451712681865045
ID,2021,RELSHIPP,34,214,0.02451598121205178
ID,2021,RELSHIPP,38,134,0.015351128422499714
ID,2021,RELSHIPP,36,85,0.009737656088899073
ID,2021,RELSHIPP,28,77,0.008821170809943865
ID,2021,RELSHIPP,32,67,0.007675564211249857
ID,2021,RELSHIPP,33,62,0.007102760911902852
ID,2021,RELSHIPP,37,57,0.006529957612555848
ID,2021,RELSHIPP,27,55,0.006300836292817046
ID,2021,RELSHIPP,30,52,0.005957154313208844
ID,2021,RELSHIPP,29,30,0.0034368197960820256
ID,2021,RELSHIPP,26,23,0.0026348951769962197
ID,2021,RELSHIPP,31,12,0.0013747279184328101
ID,2021,RELSHIPP,23,12,0.0013747279184328101
ID,2021,RELSHIPP,24,7,0.0008019246190858059
ID,2021,RELSHIPP,35,1,0.00011456065986940085
IL,2021,RELSHIPP,20,32886,0.5095918430594725
IL,2021,RELSHIPP,21,15898,0.24635076083924753
IL,2021,RELSHIPP,25,7404,0.11473021972913502
IL,2021,RELSHIPP,22,2382,0.03691077571512691
IL,2021,RELSHIPP,38,1207,0.01870331918058698
IL,2021,RELSHIPP,34,988,0.015309759196702513
IL,2021,RELSHIPP,28,644,0.00997923575169678
IL,2021,RELSHIPP,36,601,0.009312920321071063
IL,2021,RELSHIPP,33,462,0.007159016952304212
IL,2021,RELSHIPP,30,388,0.00601233458332042
IL,2021,RELSHIPP,27,370,0.005733411844918958
IL,2021,RELSHIPP,29,349,0.005408001983450584
IL,2021,RELSHIPP,32,251,0.003889422629931509
IL,2021,RELSHIPP,23,194,0.00300616729166021
IL,2021,RELSHIPP,26,181,0.002804723091703598
IL,2021,RELSHIPP,37,143,0.0022158861995227323
IL,2021,RELSHIPP,24,129,0.00199894629187715
IL,2021,RELSHIPP,31,56,0.0008677596305823287
IL,2021,RELSHIPP,35,1,1.5495707688970156e-05
IN,2021,RELSHIPP,20,17722,0.5155940882113348
IN,2021,RELSHIPP,21,8454,0.24595601070638892
IN,2021,RELSHIPP,25,3239,0.09423367857558478
IN,2021,RELSHIPP,22,1346,0.03915978121726987
IN,2021,RELSHIPP,38,1046,0.030431746770627256
IN,2021,RELSHIPP,34,521,0.015157686489002677
IN,2021,RELSHIPP,36,316,0.009193529617130223
IN,2021,RELSHIPP,30,258,0.00750610962411265
IN,2021,RELSHIPP,37,252,0.0073315489351797975
IN,2021,RELSHIPP,28,245,0.00712789479809147
IN,2021,RELSHIPP,27,232,0.0067496799720702895
IN,2021,RELSHIPP,33,201,0.005847783079250553
IN,2021,RELSHIPP,29,122,0.003549400674967997
IN,2021,RELSHIPP,32,116,0.0033748399860351447
IN,2021,RELSHIPP,26,96,0.002792971022925637
IN,2021,RELSHIPP,23,92,0.0026765972303037355
IN,2021,RELSHIPP,24,83,0.0024147561969044573
IN,2021,RELSHIPP,31,28,0.0008146165483533109
IN,2021,RELSHIPP,35,3,8.728034446642616e-05
IA,2021,RELSHIPP,20,8808,0.5129280223619846
IA,2021,RELSHIPP,21,4677,0.2723619846261356
IA,2021,RELSHIPP,25,1265,0.07366643372932681
IA,2021,RELSHIPP,38,743,0.04326811087817377
IA,2021,RELSHIPP,22,694,0.04041462846494293
IA,2021,RELSHIPP,34,262,0.015257395760540415
IA,2021,RELSHIPP,37,138,0.00803633822501747
IA,2021,RELSHIPP,36,113,0.006580479850920103
IA,2021,RELSHIPP,28,94,0.005474027486606103
IA,2021,RELSHIPP,27,70,0.00407640344747263
IA,2021,RELSHIPP,30,64,0.0037269974376892617
IA,2021,RELSHIPP,33,63,0.003668763102725367
IA,2021,RELSHIPP,32,41,0.0023876077335196833
IA,2021,RELSHIPP,26,40,0.0023293733985557887
IA,2021,RELSHIPP,29,34,0.00197996738877242
IA,2021,RELSHIPP,23,26,0.0015140927090612625
IA,2021,RELSHIPP,24,25,0.0014558583740973679
IA,2021,RELSHIPP,31,14,0.000815280689494526
IA,2021,RELSHIPP,35,1,5.8234334963894714e-05
KS,2021,RELSHIPP,20,7714,0.5162628831481729
KS,2021,RELSHIPP,21,4055,0.27138267969482
KS,2021,RELSHIPP,25,1190,0.07964127961450944
KS,2021,RELSHIPP,22,487,0.03259269174140008
KS,2021,RELSHIPP,38,464,0.031053406505153258
KS,2021,RELSHIPP,34,227,0.015192076027305582
KS,2021,RELSHIPP,37,184,0.012314281889974568
KS,2021,RELSHIPP,30,90,0.006023290054878865
KS,2021,RELSHIPP,36,86,0.0057555882746620265
KS,2021,RELSHIPP,28,86,0.0057555882746620265
KS,2021,RELSHIPP,27,76,0.0050863338241199305
KS,2021,RELSHIPP,33,70,0.004684781153794673
KS,2021,RELSHIPP,29,60,0.004015526703252577
KS,2021,RELSHIPP,26,45,0.0030116450274394325
KS,2021,RELSHIPP,32,39,0.0026100923571141747
KS,2021,RELSHIPP,23,26,0.00174006157140945
KS,2021,RELSHIPP,24,22,0.0014723597911926113
KS,2021,RELSHIPP,31,17,0.0011377325659215633
KS,2021,RELSHIPP,35,4,0.0002677017802168384
KY,2021,RELSHIPP,20,10877,0.5046395100677369
KY,2021,RELSHIPP,21,5452,0.2529460888930129
KY,2021,RELSHIPP,25,2038,0.09455321518047693
KY,2021,RELSHIPP,22,795,0.03688410503850793
KY,2021,RELSHIPP,38,701,0.0325229655748353
KY,2021,RELSHIPP,34,270,0.012526677182889486
KY,2021,RELSHIPP,36,224,0.010392502551730538
KY,2021,RELSHIPP,30,213,0.009882156444279484
KY,2021,RELSHIPP,37,184,0.008536698524635799
KY,2021,RELSHIPP,27,170,0.00788716711515264
KY,2021,RELSHIPP,28,170,0.00788716711515264
KY,2021,RELSHIPP,33,116,0.0053818316785747425
KY,2021,RELSHIPP,32,92,0.0042683492623178994
KY,2021,RELSHIPP,26,72,0.0033404472487705296
KY,2021,RELSHIPP,23,60,0.002783706040642108
KY,2021,RELSHIPP,29,59,0.00273731093996474
KY,2021,RELSHIPP,24,45,0.002087779530481581
KY,2021,RELSHIPP,31,13,0.0006031363088057901
KY,2021,RELSHIPP,35,3,0.0001391853020321054
LA,2021,RELSHIPP,20,10513,0.5303970536299883
LA,2021,RELSHIPP,21,4572,0.2306644467988497
LA,2021,RELSHIPP,25,1984,0.10009585792845971
LA,2021,RELSHIPP,22,705,0.035568336612683514
LA,2021,RELSHIPP,38,373,0.018818424902880784
LA,2021,RELSHIPP,34,316,0.01594268704908935
LA,2021,RELSHIPP,30,216,0.010897532919630694
LA,2021,RELSHIPP,28,195,0.009838050552444378
LA,2021,RELSHIPP,37,166,0.008374955854901367
LA,2021,RELSHIPP,33,160,0.008072246607133848
LA,2021,RELSHIPP,36,154,0.007769537359366328
LA,2021,RELSHIPP,27,138,0.006962312698652944
LA,2021,RELSHIPP,32,81,0.0040865748448615105
LA,2021,RELSHIPP,29,71,0.003582059431915645
LA,2021,RELSHIPP,23,60,0.003027092477675193
LA,2021,RELSHIPP,26,58,0.00292618939508602
LA,2021,RELSHIPP,24,47,0.002371222440845568
LA,2021,RELSHIPP,31,12,0.0006054184955350386
ME,2021,RELSHIPP,20,3369,0.4841212817933611
ME,2021,RELSHIPP,21,1777,0.25535278057192123
ME,2021,RELSHIPP,25,610,0.08765627245293864
ME,2021,RELSHIPP,38,381,0.05474924558126167
ME,2021,RELSHIPP,22,332,0.047708004023566605
ME,2021,RELSHIPP,36,92,0.013220290271590746
ME,2021,RELSHIPP,34,86,0.01235809742779135
ME,2021,RELSHIPP,37,66,0.009484121281793361
ME,2021,RELSHIPP,30,42,0.006035349906595776
ME,2021,RELSHIPP,27,32,0.0045983618335967815
ME,2021,RELSHIPP,23,30,0.0043109642189969825
ME,2021,RELSHIPP,32,28,0.0040235666043971835
ME,2021,RELSHIPP,28,27,0.003879867797097284
ME,2021,RELSHIPP,33,26,0.003736168989797385
ME,2021,RELSHIPP,26,21,0.003017674953297888
ME,2021,RELSHIPP,29,19,0.002730277338698089
ME,2021,RELSHIPP,24,17,0.00244287972409829
ME,2021,RELSHIPP,31,4,0.0005747952291995977
MD,2021,RELSHIPP,20,16307,0.4926437267756261
MD,2021,RELSHIPP,21,8106,0.24488686142412616
MD,2021,RELSHIPP,25,3768,0.1138334189299417
MD,2021,RELSHIPP,22,964,0.02912298722092988
MD,2021,RELSHIPP,38,848,0.025618561372768193
MD,2021,RELSHIPP,34,692,0.020905712818343858
MD,2021,RELSHIPP,36,376,0.011359173438868917
MD,2021,RELSHIPP,33,368,0.011117488897616386
MD,2021,RELSHIPP,28,366,0.011057067762303254
MD,2021,RELSHIPP,30,224,0.0067671671550708435
MD,2021,RELSHIPP,29,222,0.0067067460197577115
MD,2021,RELSHIPP,27,198,0.005981692396000121
MD,2021,RELSHIPP,37,180,0.005437902178181928
MD,2021,RELSHIPP,32,149,0.004501374580828374
MD,2021,RELSHIPP,23,115,0.0034742152805051205
MD,2021,RELSHIPP,26,103,0.0031116884686263253
MD,2021,RELSHIPP,24,72,0.002175160871272771
MD,2021,RELSHIPP,31,41,0.001238633273919217
MD,2021,RELSHIPP,35,2,6.0421135313132535e-05
MA,2021,RELSHIPP,20,19058,0.4721534040233872
MA,2021,RELSHIPP,21,9297,0.2303290060449906
MA,2021,RELSHIPP,25,4704,0.1165394906352195
MA,2021,RELSHIPP,38,2080,0.05153106728768209
MA,2021,RELSHIPP,22,1522,0.03770686750569815
MA,2021,RELSHIPP,34,1295,0.032083044296898226
MA,2021,RELSHIPP,36,443,0.010975126350213062
MA,2021,RELSHIPP,28,349,0.00864631850163512
MA,2021,RELSHIPP,33,304,0.007531463680507383
MA,2021,RELSHIPP,32,213,0.005276979486671291
MA,2021,RELSHIPP,29,196,0.004855812109800813
MA,2021,RELSHIPP,27,192,0.004756713903478347
MA,2021,RELSHIPP,23,192,0.004756713903478347
MA,2021,RELSHIPP,30,150,0.0037161827370924584
MA,2021,RELSHIPP,26,128,0.003171142602318898
MA,2021,RELSHIPP,24,99,0.0024526806064810226
MA,2021,RELSHIPP,37,82,0.002031513229610544
MA,2021,RELSHIPP,31,56,0.0013873748885145178
MA,2021,RELSHIPP,35,4,9.909820632246556e-05
MI,2021,RELSHIPP,20,24144,0.502685821361649
MI,2021,RELSHIPP,21,11821,0.24611701020195711
MI,2021,RELSHIPP,25,5575,0.11607328752862794
MI,2021,RELSHIPP,22,1871,0.03895481990422652
MI,2021,RELSHIPP,38,1264,0.026316885280033314
MI,2021,RELSHIPP,34,710,0.014782427649385801
MI,2021,RELSHIPP,36,449,0.009348323964189048
MI,2021,RELSHIPP,28,340,0.007078909015198834
MI,2021,RELSHIPP,30,311,0.00647511971684364
MI,2021,RELSHIPP,27,299,0.0062252758692483865
MI,2021,RELSHIPP,33,272,0.005663127212159068
MI,2021,RELSHIPP,37,254,0.0052883614407661875
MI,2021,RELSHIPP,32,182,0.00378929835519467
MI,2021,RELSHIPP,26,162,0.003372891942535915
MI,2021,RELSHIPP,29,138,0.002873204247345409
MI,2021,RELSHIPP,23,113,0.0023526962315219653
MI,2021,RELSHIPP,24,89,0.0018530085363314595
MI,2021,RELSHIPP,31,32,0.0006662502602540079
MI,2021,RELSHIPP,35,4,8.328128253175098e-05
MN,2021,RELSHIPP,20,15201,0.4991626440744754
MN,2021,RELSHIPP,21,8554,0.28089186615440187
MN,2021,RELSHIPP,25,2797,0.09184645190949989
MN,2021,RELSHIPP,22,1214,0.03986470955242505
MN,2021,RELSHIPP,38,750,0.02462811545660526
MN,2021,RELSHIPP,34,570,0.018717367747019997
MN,2021,RELSHIPP,36,253,0.00830788428069484
MN,2021,RELSHIPP,28,207,0.006797359866023052
MN,2021,RELSHIPP,37,136,0.004465898269464421
MN,2021,RELSHIPP,33,127,0.004170360883985157
MN,2021,RELSHIPP,27,123,0.004039010934883263
MN,2021,RELSHIPP,32,102,0.0033494237020983155
MN,2021,RELSHIPP,30,99,0.0032509112402718944
MN,2021,RELSHIPP,26,86,0.0028240239056907365
MN,2021,RELSHIPP,29,81,0.002659836469313368
MN,2021,RELSHIPP,23,67,0.0022001116474567365
MN,2021,RELSHIPP,24,55,0.0018060618001510525
MN,2021,RELSHIPP,31,28,0.0009194496437132631
MN,2021,RELSHIPP,35,3,9.851246182642104e-05
MS,2021,RELSHIPP,20,6479,0.51832
MS,2021,RELSHIPP,21,2964,0.23712
MS,2021,RELSHIPP,25,1453,0.11624
MS,2021,RELSHIPP,38,343,0.02744
MS,2021,RELSHIPP,22,299,0.02392
MS,2021,RELSHIPP,30,184,0.01472
MS,2021,RELSHIPP,34,137,0.01096
MS,2021,RELSHIPP,28,108,0.00864
MS,2021,RELSHIPP,36,101,0.00808
MS,2021,RELSHIPP,33,99,0.00792
MS,2021,RELSHIPP,27,75,0.006
MS,2021,RELSHIPP,37,75,0.006
MS,2021,RELSHIPP,32,53,0.00424
MS,2021,RELSHIPP,29,47,0.00376
MS,2021,RELSHIPP,26,34,0.00272
MS,2021,RELSHIPP,23,30,0.0024
MS,2021,RELSHIPP,24,11,0.00088
MS,2021,RELSHIPP,31,8,0.00064
MO,2021,RELSHIPP,20,15909,0.5161740371824406
MO,2021,RELSHIPP,21,8033,0.2606339833230589
MO,2021,RELSHIPP,25,2919,0.09470815353168294
MO,2021,RELSHIPP,22,1199,0.03890204730540865
MO,2021,RELSHIPP,38,630,0.020440608675902795
MO,2021,RELSHIPP,34,478,0.015508906265208787
MO,2021,RELSHIPP,36,276,0.008954933324681225
MO,2021,RELSHIPP,30,204,0.006618863761720904
MO,2021,RELSHIPP,28,202,0.006553972940527562
MO,2021,RELSHIPP,27,187,0.006067291781577496
MO,2021,RELSHIPP,33,171,0.005548165212030758
MO,2021,RELSHIPP,37,131,0.0042503487881639145
MO,2021,RELSHIPP,26,118,0.00382855845040719
MO,2021,RELSHIPP,32,113,0.0036663313974238344
MO,2021,RELSHIPP,29,89,0.002887641543103728
MO,2021,RELSHIPP,23,76,0.0024658512053470035
MO,2021,RELSHIPP,24,64,0.0020765062781869506
MO,2021,RELSHIPP,31,17,0.0005515719801434088
MO,2021,RELSHIPP,35,5,0.0001622270529833555
MT,2021,RELSHIPP,20,2747,0.5079511834319527
MT,2021,RELSHIPP,21,1438,0.26590236686390534
MT,2021,RELSHIPP,25,448,0.08284023668639054
MT,2021,RELSHIPP,22,214,0.039571005917159764
MT,2021,RELSHIPP,38,143,0.026442307692307692
MT,2021,RELSHIPP,34,126,0.02329881656804734
MT,2021,RELSHIPP,36,60,0.011094674556213017
MT,2021,RELSHIPP,37,48,0.008875739644970414
MT,2021,RELSHIPP,28,36,0.006656804733727811
MT,2021,RELSHIPP,32,28,0.005177514792899409
MT,2021,RELSHIPP,30,24,0.004437869822485207
MT,2021,RELSHIPP,27,23,0.004252958579881657
MT,2021,RELSHIPP,26,18,0.0033284023668639054
MT,2021,RELSHIPP,33,17,0.003143491124260355
MT,2021,RELSHIPP,29,17,0.003143491124260355
MT,2021,RELSHIPP,23,9,0.0016642011834319527
MT,2021,RELSHIPP,31,7,0.0012943786982248522
MT,2021,RELSHIPP,24,5,0.0009245562130177514
NE,2021,RELSHIPP,20,5507,0.5158298988385163
NE,2021,RELSHIPP,21,2991,0.2801611090295991
NE,2021,RELSHIPP,25,807,0.07559010865492694
NE,2021,RELSHIPP,22,376,0.03521918321468715
NE,2021,RELSHIPP,38,320,0.029973772948669913
NE,2021,RELSHIPP,34,175,0.01639190708130386
NE,2021,RELSHIPP,37,95,0.008898463844136381
NE,2021,RELSHIPP,36,82,0.007680779318096666
NE,2021,RELSHIPP,28,56,0.005245410266017235
NE,2021,RELSHIPP,29,45,0.004215061820906706
NE,2021,RELSHIPP,30,43,0.00402772573997752
NE,2021,RELSHIPP,27,43,0.00402772573997752
NE,2021,RELSHIPP,33,38,0.0035593855376545524
NE,2021,RELSHIPP,26,32,0.0029973772948669914
NE,2021,RELSHIPP,32,28,0.0026227051330086175
NE,2021,RELSHIPP,23,18,0.0016860247283626826
NE,2021,RELSHIPP,24,14,0.0013113525665043087
NE,2021,RELSHIPP,31,4,0.0003746721618583739
NE,2021,RELSHIPP,35,2,0.00018733608092918696
NV,2021,RELSHIPP,20,7348,0.5013646288209607
NV,2021,RELSHIPP,21,3039,0.20735534934497818
NV,2021,RELSHIPP,25,1652,0.11271834061135372
NV,2021,RELSHIPP,22,686,0.04680676855895197
NV,2021,RELSHIPP,34,502,0.03425218340611354
NV,2021,RELSHIPP,28,217,0.01480622270742358
NV,2021,RELSHIPP,36,204,0.013919213973799126
NV,2021,RELSHIPP,33,188,0.012827510917030568
NV,2021,RELSHIPP,29,146,0.009961790393013101
NV,2021,RELSHIPP,30,127,0.008665393013100436
NV,2021,RELSHIPP,27,122,0.008324235807860262
NV,2021,RELSHIPP,37,100,0.006823144104803494
NV,2021,RELSHIPP,32,94,0.006413755458515284
NV,2021,RELSHIPP,23,63,0.0042985807860262005
NV,2021,RELSHIPP,38,57,0.0038891921397379912
NV,2021,RELSHIPP,26,46,0.003138646288209607
NV,2021,RELSHIPP,24,41,0.0027974890829694323
NV,2021,RELSHIPP,31,21,0.0014328602620087337
NV,2021,RELSHIPP,35,3,0.0002046943231441048
NH,2021,RELSHIPP,20,3650,0.4856306546035125
NH,2021,RELSHIPP,21,2006,0.266897285790314
NH,2021,RELSHIPP,25,750,0.09978712080894092
NH,2021,RELSHIPP,22,341,0.04536987759446514
NH,2021,RELSHIPP,38,227,0.03020223523150612
NH,2021,RELSHIPP,34,141,0.018759978712080894
NH,2021,RELSHIPP,36,80,0.010643959552953698
NH,2021,RELSHIPP,28,49,0.0065194252261841406
NH,2021,RELSHIPP,32,45,0.005987227248536456
NH,2021,RELSHIPP,33,39,0.005188930282064928
NH,2021,RELSHIPP,27,37,0.004922831293241086
NH,2021,RELSHIPP,29,34,0.004523682810005322
NH,2021,RELSHIPP,30,30,0.003991484832357637
NH,2021,RELSHIPP,26,25,0.0033262373602980307
NH,2021,RELSHIPP,37,22,0.002927088877062267
NH,2021,RELSHIPP,23,21,0.0027940393826503458
NH,2021,RELSHIPP,31,10,0.0013304949441192123
NH,2021,RELSHIPP,24,8,0.0010643959552953698
NH,2021,RELSHIPP,35,1,0.00013304949441192123
NJ,2021,RELSHIPP,20,23397,0.4793779580797836
NJ,2021,RELSHIPP,21,12153,0.24900116786526522
NJ,2021,RELSHIPP,25,6805,0.139426721576823
NJ,2021,RELSHIPP,22,1547,0.03169627307558342
NJ,2021,RELSHIPP,38,821,0.016821357592148665
NJ,2021,RELSHIPP,34,682,0.013973405454135676
NJ,2021,RELSHIPP,28,548,0.011227897637633946
NJ,2021,RELSHIPP,33,520,0.010654209437170898
NJ,2021,RELSHIPP,36,476,0.009752699407871821
NJ,2021,RELSHIPP,29,351,0.007191591370090356
NJ,2021,RELSHIPP,30,304,0.006228614747884525
NJ,2021,RELSHIPP,32,274,0.005613948818816973
NJ,2021,RELSHIPP,27,264,0.005409060175794456
NJ,2021,RELSHIPP,37,246,0.005040260618353925
NJ,2021,RELSHIPP,23,158,0.0032372405597557727
NJ,2021,RELSHIPP,26,121,0.0024791525805724587
NJ,2021,RELSHIPP,24,76,0.0015571536869711312
NJ,2021,RELSHIPP,31,62,0.001270309586739607
NJ,2021,RELSHIPP,35,2,4.097772860450345e-05
NM,2021,RELSHIPP,20,4361,0.5076242579443604
NM,2021,RELSHIPP,21,1852,0.2155744383657316
NM,2021,RELSHIPP,25,935,0.1088348271446863
NM,2021,RELSHIPP,22,378,0.04399953439646141
NM,2021,RELSHIPP,38,258,0.030031428238854616
NM,2021,RELSHIPP,37,130,0.01513211500407403
NM,2021,RELSHIPP,34,118,0.01373530438831335
NM,2021,RELSHIPP,28,92,0.010708881387498545
NM,2021,RELSHIPP,30,87,0.010126876964264928
NM,2021,RELSHIPP,36,78,0.009079269002444419
NM,2021,RELSHIPP,32,62,0.007216854848096845
NM,2021,RELSHIPP,33,60,0.006984053078803399
NM,2021,RELSHIPP,27,48,0.005587242463042719
NM,2021,RELSHIPP,29,43,0.005005238039809103
NM,2021,RELSHIPP,23,31,0.0036084274240484227
NM,2021,RELSHIPP,26,29,0.003375625654754976
NM,2021,RELSHIPP,24,26,0.003026423000814806
NM,2021,RELSHIPP,31,3,0.0003492026539401699
NY,2021,RELSHIPP,20,48618,0.48487084870848707
NY,2021,RELSHIPP,21,22302,0.22241946743791763
NY,2021,RELSHIPP,25,12706,0.12671786177321231
NY,2021,RELSHIPP,22,3700,0.03690036900369004
NY,2021,RELSHIPP,38,3309,0.033000897576543335
NY,2021,RELSHIPP,34,2212,0.022060436820584423
NY,2021,RELSHIPP,36,1429,0.014251520893587314
NY,2021,RELSHIPP,28,1279,0.012755559988032314
NY,2021,RELSHIPP,33,1167,0.011638575845217911
NY,2021,RELSHIPP,29,797,0.007948538944848907
NY,2021,RELSHIPP,30,557,0.0055550014959609055
NY,2021,RELSHIPP,32,557,0.0055550014959609055
NY,2021,RELSHIPP,27,479,0.0047771018250723045
NY,2021,RELSHIPP,23,385,0.003839632990924504
NY,2021,RELSHIPP,24,284,0.0028323526478508027
NY,2021,RELSHIPP,26,235,0.0023436720853695025
NY,2021,RELSHIPP,31,132,0.0013164455968884014
NY,2021,RELSHIPP,37,119,0.001186795651740301
NY,2021,RELSHIPP,35,3,2.991921811110003e-05
NC,2021,RELSHIPP,20,26189,0.5112842138143766
NC,2021,RELSHIPP,21,12610,0.2461832806216079
NC,2021,RELSHIPP,25,4935,0.09634532037015345
NC,2021,RELSHIPP,38,1670,0.03260317832181484
NC,2021,RELSHIPP,22,1647,0.032154152512592245
NC,2021,RELSHIPP,34,961,0.018761469680996446
NC,2021,RELSHIPP,37,436,0.008511967513958846
NC,2021,RELSHIPP,28,414,0.008082464566006795
NC,2021,RELSHIPP,30,410,0.008004373120924602
NC,2021,RELSHIPP,36,408,0.007965327398383508
NC,2021,RELSHIPP,33,365,0.007125844363749951
NC,2021,RELSHIPP,27,310,0.0060520869938698214
NC,2021,RELSHIPP,29,222,0.004334075202061615
NC,2021,RELSHIPP,32,186,0.003631252196321893
NC,2021,RELSHIPP,26,153,0.002986997774393815
NC,2021,RELSHIPP,23,137,0.00267463199406505
NC,2021,RELSHIPP,24,120,0.0023427433524657376
NC,2021,RELSHIPP,31,44,0.0008590058959041038
NC,2021,RELSHIPP,35,5,9.761430635273905e-05
ND,2021,RELSHIPP,20,2214,0.5318280086476099
ND,2021,RELSHIPP,21,1167,0.2803266874849868
ND,2021,RELSHIPP,25,281,0.06749939947153495
ND,2021,RELSHIPP,22,134,0.03218832572663944
ND,2021,RELSHIPP,38,133,0.03194811434061975
ND,2021,RELSHIPP,34,75,0.0180158539514773
ND,2021,RELSHIPP,36,30,0.00720634158059092
ND,2021,RELSHIPP,28,29,0.006966130194571223
ND,2021,RELSHIPP,37,24,0.005765073264472736
ND,2021,RELSHIPP,27,16,0.003843382176315157
ND,2021,RELSHIPP,30,14,0.0033629594042757626
ND,2021,RELSHIPP,33,14,0.0033629594042757626
ND,2021,RELSHIPP,29,8,0.0019216910881575786
ND,2021,RELSHIPP,32,6,0.001441268316118184
ND,2021,RELSHIPP,26,6,0.001441268316118184
ND,2021,RELSHIPP,24,6,0.001441268316118184
ND,2021,RELSHIPP,23,4,0.0009608455440787893
ND,2021,RELSHIPP,31,2,0.00048042277203939464
OH,2021,RELSHIPP,20,30966,0.5130728700666071
OH,2021,RELSHIPP,21,14752,0.24442456175232793
OH,2021,RELSHIPP,25,6155,0.10198164164761242
OH,2021,RELSHIPP,22,2421,0.04011333134506412
OH,2021,RELSHIPP,38,1808,0.029956589455545614
OH,2021,RELSHIPP,34,950,0.01574046459223912
OH,2021,RELSHIPP,36,487,0.008069059217284687
OH,2021,RELSHIPP,30,430,0.00712463134175034
OH,2021,RELSHIPP,28,411,0.006809822049905557
OH,2021,RELSHIPP,37,405,0.006710408589322994
OH,2021,RELSHIPP,27,381,0.006312754746992743
OH,2021,RELSHIPP,33,294,0.0048712595685455815
OH,2021,RELSHIPP,32,193,0.003197799648739106
OH,2021,RELSHIPP,29,187,0.003098386188156543
OH,2021,RELSHIPP,26,181,0.00299897272757398
OH,2021,RELSHIPP,24,146,0.002419060874175697
OH,2021,RELSHIPP,23,145,0.002402491964078603
OH,2021,RELSHIPP,31,37,0.0006130496735924711
OH,2021,RELSHIPP,35,5,8.284455048546907e-05
OK,2021,RELSHIPP,20,8997,0.517009539133433
OK,2021,RELSHIPP,21,4325,0.24853465118951845
OK,2021,RELSHIPP,25,1561,0.08970233306516492
OK,2021,RELSHIPP,22,638,0.03666245259165613
OK,2021,RELSHIPP,38,449,0.025801631996322263
OK,2021,RELSHIPP,34,272,0.015630387311803242
OK,2021,RELSHIPP,36,179,0.010286174002988162
OK,2021,RELSHIPP,30,154,0.008849557522123894
OK,2021,RELSHIPP,37,152,0.008734628203654752
OK,2021,RELSHIPP,33,138,0.007930122974370762
OK,2021,RELSHIPP,28,133,0.007642799678197908
OK,2021,RELSHIPP,27,120,0.006895759108148489
OK,2021,RELSHIPP,29,81,0.00465463739800023
OK,2021,RELSHIPP,32,75,0.004309849442592805
OK,2021,RELSHIPP,26,42,0.002413515687851971
OK,2021,RELSHIPP,23,39,0.0022411217101482588
OK,2021,RELSHIPP,24,35,0.002011263073209976
OK,2021,RELSHIPP,31,12,0.0006895759108148489
OR,2021,RELSHIPP,20,10745,0.50280767430978
OR,2021,RELSHIPP,21,5077,0.2375760411792232
OR,2021,RELSHIPP,25,1823,0.08530650444548432
OR,2021,RELSHIPP,22,1045,0.048900327562002806
OR,2021,RELSHIPP,34,748,0.035002339728591486
OR,2021,RELSHIPP,38,412,0.019279363593823116
OR,2021,RELSHIPP,36,305,0.014272344408048667
OR,2021,RELSHIPP,28,173,0.008095460926532523
OR,2021,RELSHIPP,37,171,0.008001871782873187
OR,2021,RELSHIPP,33,159,0.007440336920917174
OR,2021,RELSHIPP,30,136,0.006364061768834815
OR,2021,RELSHIPP,27,113,0.0052877866167524564
OR,2021,RELSHIPP,32,105,0.004913430042115114
OR,2021,RELSHIPP,29,98,0.00458586803930744
OR,2021,RELSHIPP,23,92,0.004305100608329434
OR,2021,RELSHIPP,26,72,0.0033692091717360787
OR,2021,RELSHIPP,24,70,0.003275620028076743
OR,2021,RELSHIPP,31,23,0.0010762751520823584
OR,2021,RELSHIPP,35,3,0.00014038371548900328
PA,2021,RELSHIPP,20,32325,0.4954706396284545
PA,2021,RELSHIPP,21,16421,0.2516975521527874
PA,2021,RELSHIPP,25,7543,0.11561747980564369
PA,2021,RELSHIPP,22,2534,0.03884060636716175
PA,2021,RELSHIPP,38,2189,0.03355252065418985
PA,2021,RELSHIPP,34,834,0.012783372419184254
PA,2021,RELSHIPP,36,569,0.008721509480234821
PA,2021,RELSHIPP,30,423,0.006483652917643813
PA,2021,RELSHIPP,28,406,0.006223080578164038
PA,2021,RELSHIPP,27,346,0.005303413497647185
PA,2021,RELSHIPP,33,322,0.004935546665440444
PA,2021,RELSHIPP,32,273,0.0041844852163516804
PA,2021,RELSHIPP,37,256,0.003923912876871906
PA,2021,RELSHIPP,29,245,0.003755307245443816
PA,2021,RELSHIPP,26,208,0.0031881792124584234
PA,2021,RELSHIPP,23,162,0.0024831011173955028
PA,2021,RELSHIPP,24,133,0.0020385953618123572
PA,2021,RELSHIPP,31,48,0.0007357336644134824
PA,2021,RELSHIPP,35,4,6.131113870112353e-05
RI,2021,RELSHIPP,20,2871,0.478819212808539
RI,2021,RELSHIPP,21,1329,0.22164776517678453
RI,2021,RELSHIPP,25,716,0.11941294196130754
RI,2021,RELSHIPP,38,355,0.05920613742494997
RI,2021,RELSHIPP,22,242,0.04036024016010674
RI,2021,RELSHIPP,34,126,0.021014009339559707
RI,2021,RELSHIPP,36,86,0.014342895263509006
RI,2021,RELSHIPP,29,43,0.007171447631754503
RI,2021,RELSHIPP,28,41,0.006837891927951968
RI,2021,RELSHIPP,33,39,0.006504336224149433
RI,2021,RELSHIPP,27,34,0.005670446964643095
RI,2021,RELSHIPP,26,27,0.0045030020013342225
RI,2021,RELSHIPP,30,26,0.004336224149432955
RI,2021,RELSHIPP,23,24,0.004002668445630421
RI,2021,RELSHIPP,24,16,0.00266844563042028
RI,2021,RELSHIPP,32,13,0.0021681120747164776
RI,2021,RELSHIPP,37,4,0.00066711140760507
RI,2021,RELSHIPP,35,2,0.000333555703802535
RI,2021,RELSHIPP,31,2,0.000333555703802535
SC,2021,RELSHIPP,20,12530,0.5097432976689313
SC,2021,RELSHIPP,21,5907,0.24030755461535333
SC,2021,RELSHIPP,25,2447,0.09954843171555267
SC,2021,RELSHIPP,38,1067,0.04340750986534315
SC,2021,RELSHIPP,22,759,0.03087750701761523
SC,2021,RELSHIPP,34,444,0.018062731377893496
SC,2021,RELSHIPP,30,242,0.009845002237500509
SC,2021,RELSHIPP,28,208,0.008461820104959114
SC,2021,RELSHIPP,36,199,0.008095683658109922
SC,2021,RELSHIPP,33,163,0.006631137870713152
SC,2021,RELSHIPP,27,138,0.005614092185020951
SC,2021,RELSHIPP,37,115,0.004678410154184126
SC,2021,RELSHIPP,32,96,0.003905455433058053
SC,2021,RELSHIPP,26,83,0.0033765916764981084
SC,2021,RELSHIPP,29,61,0.002481591473088971
SC,2021,RELSHIPP,24,53,0.002156136853667467
SC,2021,RELSHIPP,23,52,0.0021154550262397786
SC,2021,RELSHIPP,31,15,0.0006102274114153207
SC,2021,RELSHIPP,35,2,8.13636548553761e-05
SD,2021,RELSHIPP,20,2457,0.5202201990260428
SD,2021,RELSHIPP,21,1277,0.2703789964005928
SD,2021,RELSHIPP,25,370,0.07834003811136989
SD,2021,RELSHIPP,22,180,0.038111369892017785
SD,2021,RELSHIPP,38,169,0.03578234173195003
SD,2021,RELSHIPP,34,83,0.017573576116874868
SD,2021,RELSHIPP,37,40,0.008469193309337285
SD,2021,RELSHIPP,28,38,0.008045733643870422
SD,2021,RELSHIPP,30,22,0.004658056320135507
SD,2021,RELSHIPP,36,21,0.004446326487402075
SD,2021,RELSHIPP,27,18,0.0038111369892017783
SD,2021,RELSHIPP,33,16,0.0033876773237349143
SD,2021,RELSHIPP,26,8,0.0016938386618674571
SD,2021,RELSHIPP,29,6,0.0012703789964005929
SD,2021,RELSHIPP,31,6,0.0012703789964005929
SD,2021,RELSHIPP,32,5,0.0010586491636671606
SD,2021,RELSHIPP,23,4,0.0008469193309337286
SD,2021,RELSHIPP,24,3,0.0006351894982002964
TN,2021,RELSHIPP,20,17591,0.512558275058275
TN,2021,RELSHIPP,21,8407,0.24495920745920746
TN,2021,RELSHIPP,25,3232,0.09417249417249417
TN,2021,RELSHIPP,22,1189,0.03464452214452214
TN,2021,RELSHIPP,38,893,0.02601981351981352
TN,2021,RELSHIPP,34,601,0.01751165501165501
TN,2021,RELSHIPP,30,336,0.009790209790209791
TN,2021,RELSHIPP,37,333,0.009702797202797203
TN,2021,RELSHIPP,36,325,0.00946969696969697
TN,2021,RELSHIPP,28,301,0.008770396270396271
TN,2021,RELSHIPP,33,262,0.007634032634032634
TN,2021,RELSHIPP,27,235,0.006847319347319347
TN,2021,RELSHIPP,32,162,0.00472027972027972
TN,2021,RELSHIPP,29,142,0.004137529137529137
TN,2021,RELSHIPP,26,112,0.0032634032634032634
TN,2021,RELSHIPP,23,88,0.002564102564102564
TN,2021,RELSHIPP,24,84,0.0024475524475524478
TN,2021,RELSHIPP,31,23,0.0006701631701631702
TN,2021,RELSHIPP,35,4,0.00011655011655011655
TX,2021,RELSHIPP,20,64427,0.501038207594858
TX,2021,RELSHIPP,21,31128,0.2420773484100259
TX,2021,RELSHIPP,25,14279,0.11104544005226034
TX,2021,RELSHIPP,22,3872,0.030111908668838998
TX,2021,RELSHIPP,38,2394,0.01861774518419436
TX,2021,RELSHIPP,34,2310,0.017964490967205083
TX,2021,RELSHIPP,28,1647,0.012808448754539728
TX,2021,RELSHIPP,33,1300,0.010109886691500695
TX,2021,RELSHIPP,37,1218,0.009472186146344498
TX,2021,RELSHIPP,36,1152,0.008958914975852925
TX,2021,RELSHIPP,30,1078,0.00838342911802904
TX,2021,RELSHIPP,32,897,0.00697582181713548
TX,2021,RELSHIPP,27,824,0.006408112795228134
TX,2021,RELSHIPP,29,821,0.006384782287478516
TX,2021,RELSHIPP,23,392,0.0030485196792832867
TX,2021,RELSHIPP,26,384,0.002986304991950975
TX,2021,RELSHIPP,24,281,0.002185290892547458
TX,2021,RELSHIPP,31,177,0.0013764999572274024
TX,2021,RELSHIPP,35,6,4.666101549923398e-05
UT,2021,RELSHIPP,20,7688,0.44077514046554295
UT,2021,RELSHIPP,21,4507,0.2583992661392042
UT,2021,RELSHIPP,25,2229,0.1277949776401789
UT,2021,RELSHIPP,38,641,0.03675037266368536
UT,2021,RELSHIPP,34,560,0.03210640981538814
UT,2021,RELSHIPP,22,388,0.022245155372090358
UT,2021,RELSHIPP,36,224,0.012842563926155258
UT,2021,RELSHIPP,28,204,0.011695906432748537
UT,2021,RELSHIPP,33,196,0.01123724343538585
UT,2021,RELSHIPP,32,177,0.010147918816649467
UT,2021,RELSHIPP,30,145,0.008313266827198715
UT,2021,RELSHIPP,27,121,0.006937277835110653
UT,2021,RELSHIPP,37,96,0.005503955968352253
UT,2021,RELSHIPP,29,87,0.004987960096319229
UT,2021,RELSHIPP,26,73,0.004185299850934526
UT,2021,RELSHIPP,23,56,0.0032106409815388145
UT,2021,RELSHIPP,24,29,0.0016626533654397432
UT,2021,RELSHIPP,31,21,0.0012039903680770554
VT,2021,RELSHIPP,20,1727,0.4822675230382575
VT,2021,RELSHIPP,21,932,0.2602624965093549
VT,2021,RELSHIPP,25,298,0.08321697849762637
VT,2021,RELSHIPP,38,211,0.05892208880201061
VT,2021,RELSHIPP,22,186,0.051940798659592294
VT,2021,RELSHIPP,34,63,0.017592851158894165
VT,2021,RELSHIPP,36,41,0.011449315833566042
VT,2021,RELSHIPP,28,18,0.00502652890254119
VT,2021,RELSHIPP,32,17,0.004747277296844457
VT,2021,RELSHIPP,23,15,0.004188774085450991
VT,2021,RELSHIPP,27,14,0.003909522479754258
VT,2021,RELSHIPP,33,12,0.003351019268360793
VT,2021,RELSHIPP,26,11,0.0030717676626640603
VT,2021,RELSHIPP,30,11,0.0030717676626640603
VT,2021,RELSHIPP,37,8,0.002234012845573862
VT,2021,RELSHIPP,24,8,0.002234012845573862
VT,2021,RELSHIPP,29,7,0.001954761239877129
VT,2021,RELSHIPP,31,2,0.0005585032113934655
VA,2021,RELSHIPP,20,22913,0.49888956627765196
VA,2021,RELSHIPP,21,11294,0.2459066364744818
VA,2021,RELSHIPP,25,4547,0.09900278697091099
VA,2021,RELSHIPP,38,1769,0.038516808918306916
VA,2021,RELSHIPP,22,1434,0.031222783487197352
VA,2021,RELSHIPP,34,1087,0.02366747953318237
VA,2021,RELSHIPP,36,433,0.009427800034837137
VA,2021,RELSHIPP,28,418,0.009101201881205365
VA,2021,RELSHIPP,33,338,0.007359345061835917
VA,2021,RELSHIPP,30,304,0.006619055913603902
VA,2021,RELSHIPP,37,294,0.00640132381118272
VA,2021,RELSHIPP,27,249,0.005421529350287406
VA,2021,RELSHIPP,29,235,0.005116704406897753
VA,2021,RELSHIPP,32,196,0.0042675492074551475
VA,2021,RELSHIPP,26,149,0.0032442083260755964
VA,2021,RELSHIPP,23,134,0.002917610172443825
VA,2021,RELSHIPP,24,81,0.001763630029611566
VA,2021,RELSHIPP,31,50,0.001088660512105905
VA,2021,RELSHIPP,35,3,6.53196307263543e-05
WA,2021,RELSHIPP,20,19868,0.4972718626420383
WA,2021,RELSHIPP,21,9880,0.24728437703358863
WA,2021,RELSHIPP,25,3600,0.09010361916203634
WA,2021,RELSHIPP,22,1770,0.044300946088001204
WA,2021,RELSHIPP,34,1171,0.029308705010762378
WA,2021,RELSHIPP,38,1004,0.025128898232967913
WA,2021,RELSHIPP,36,467,0.011688441707964159
WA,2021,RELSHIPP,28,402,0.01006157080642739
WA,2021,RELSHIPP,33,291,0.007283375882264604
WA,2021,RELSHIPP,27,228,0.005706562546928968
WA,2021,RELSHIPP,32,215,0.0053811883666216144
WA,2021,RELSHIPP,29,215,0.0053811883666216144
WA,2021,RELSHIPP,30,209,0.005231015668018221
WA,2021,RELSHIPP,37,196,0.004905641487710868
WA,2021,RELSHIPP,26,151,0.003779346248185413
WA,2021,RELSHIPP,23,146,0.003654202332682585
WA,2021,RELSHIPP,24,93,0.0023276768283526056
WA,2021,RELSHIPP,31,46,0.00115132402262602
WA,2021,RELSHIPP,35,2,5.00575662011313e-05
WV,2021,RELSHIPP,20,3838,0.5125534188034188
WV,2021,RELSHIPP,21,1892,0.25267094017094016
WV,2021,RELSHIPP,25,721,0.09628739316239317
WV,2021,RELSHIPP,22,291,0.03886217948717949
WV,2021,RELSHIPP,38,175,0.023370726495726496
WV,2021,RELSHIPP,34,100,0.013354700854700854
WV,2021,RELSHIPP,36,93,0.012419871794871794
WV,2021,RELSHIPP,30,77,0.010283119658119658
WV,2021,RELSHIPP,27,60,0.008012820512820512
WV,2021,RELSHIPP,28,45,0.006009615384615385
WV,2021,RELSHIPP,37,42,0.005608974358974359
WV,2021,RELSHIPP,33,34,0.004540598290598291
WV,2021,RELSHIPP,32,31,0.004139957264957265
WV,2021,RELSHIPP,24,22,0.002938034188034188
WV,2021,RELSHIPP,26,20,0.002670940170940171
WV,2021,RELSHIPP,29,20,0.002670940170940171
WV,2021,RELSHIPP,23,15,0.002003205128205128
WV,2021,RELSHIPP,31,8,0.0010683760683760685
WV,2021,RELSHIPP,35,4,0.0005341880341880342
WI,2021,RELSHIPP,20,15919,0.5024302487059714
WI,2021,RELSHIPP,21,8744,0.2759752556495392
WI,2021,RELSHIPP,25,2952,0.09317005428607499
WI,2021,RELSHIPP,22,1372,0.04330261330640071
WI,2021,RELSHIPP,38,819,0.02584900896351471
WI,2021,RELSHIPP,34,437,0.013792450448175736
WI,2021,RELSHIPP,36,231,0.007290746117914405
WI,2021,RELSHIPP,37,208,0.006564827673273576
WI,2021,RELSHIPP,28,203,0.006407019315742962
WI,2021,RELSHIPP,27,174,0.005491730842065396
WI,2021,RELSHIPP,33,130,0.004103017295795985
WI,2021,RELSHIPP,30,118,0.00372427723772251
WI,2021,RELSHIPP,32,93,0.0029352354500694357
WI,2021,RELSHIPP,26,84,0.002651180406514329
WI,2021,RELSHIPP,29,71,0.0022408786769347305
WI,2021,RELSHIPP,23,62,0.001956823633379624
WI,2021,RELSHIPP,24,51,0.0016096452468122712
WI,2021,RELSHIPP,31,10,0.00031561671506122964
WI,2021,RELSHIPP,35,6,0.0001893700290367378
WY,2021,RELSHIPP,20,1550,0.5264945652173914
WY,2021,RELSHIPP,21,767,0.26052989130434784
WY,2021,RELSHIPP,25,233,0.07914402173913043
WY,2021,RELSHIPP,22,94,0.03192934782608696
WY,2021,RELSHIPP,38,77,0.026154891304347828
WY,2021,RELSHIPP,34,45,0.015285326086956522
WY,2021,RELSHIPP,37,35,0.01188858695652174
WY,2021,RELSHIPP,36,32,0.010869565217391304
WY,2021,RELSHIPP,28,20,0.006793478260869565
WY,2021,RELSHIPP,30,19,0.006453804347826087
WY,2021,RELSHIPP,33,18,0.006114130434782609
WY,2021,RELSHIPP,27,15,0.005095108695652174
WY,2021,RELSHIPP,32,8,0.002717391304347826
WY,2021,RELSHIPP,23,8,0.002717391304347826
WY,2021,RELSHIPP,29,8,0.002717391304347826
WY,2021,RELSHIPP,26,8,0.002717391304347826
WY,2021,RELSHIPP,24,5,0.0016983695652173913
WY,2021,RELSHIPP,31,2,0.0006793478260869565
