state,year,rule,before,after,removed
AL,2018,AGEP > 16,47777,39146,8631
AL,2018,PINCP > 100,39146,34422,4724
AL,2018,WKHP > 0,34422,22268,12154
AL,2018,PWGTP >= 1,22268,22268,0
AK,2018,AGEP > 16,6711,5101,1610
AK,2018,PINCP > 100,5101,4864,237
AK,2018,WKHP > 0,4864,3546,1318
AK,2018,PWGTP >= 1,3546,3546,0
AZ,2018,AGEP > 16,69990,56083,13907
AZ,2018,PINCP > 100,56083,49060,7023
AZ,2018,WKHP > 0,49060,33277,15783
AZ,2018,PWGTP >= 1,33277,33277,0
AR,2018,AGEP > 16,30503,24280,6223
AR,2018,PINCP > 100,24280,21427,2853
AR,2018,WKHP > 0,21427,13929,7498
AR,2018,PWGTP >= 1,13929,13929,0
CA,2018,AGEP > 16,378817,306259,72558
CA,2018,PINCP > 100,306259,264479,41780
CA,2018,WKHP > 0,264479,195665,68814
CA,2018,PWGTP >= 1,195665,195665,0
CO,2018,AGEP > 16,55928,44869,11059
CO,2018,PINCP > 100,44869,40929,3940
CO,2018,WKHP > 0,40929,31306,9623
CO,2018,PWGTP >= 1,31306,31306,0
CT,2018,AGEP > 16,36287,29765,6522
CT,2018,PINCP > 100,29765,26921,2844
CT,2018,WKHP > 0,26921,19785,7136
CT,2018,PWGTP >= 1,19785,19785,0
DE,2018,AGEP > 16,9123,7654,1469
DE,2018,PINCP > 100,7654,6985,669
DE,2018,WKHP > 0,6985,4713,2272
DE,2018,PWGTP >= 1,4713,4713,0
FL,2018,AGEP > 16,202160,169754,32406
FL,2018,PINCP > 100,169754,150284,19470
FL,2018,WKHP > 0,150284,98925,51359
FL,2018,PWGTP >= 1,98925,98925,0
GA,2018,AGEP > 16,100855,80912,19943
GA,2018,PINCP > 100,80912,70899,10013
GA,2018,WKHP > 0,70899,50915,19984
GA,2018,PWGTP >= 1,50915,50915,0
HI,2018,AGEP > 16,14400,11751,2649
HI,2018,PINCP > 100,11751,10590,1161
HI,2018,WKHP > 0,10590,7731,2859
HI,2018,PWGTP >= 1,7731,7731,0
ID,2018,AGEP > 16,16711,12940,3771
ID,2018,PINCP > 100,12940,11764,1176
ID,2018,WKHP > 0,11764,8265,3499
ID,2018,PWGTP >= 1,8265,8265,0
IL,2018,AGEP > 16,126456,102123,24333
IL,2018,PINCP > 100,102123,91644,10479
IL,2018,WKHP > 0,91644,67016,24628
IL,2018,PWGTP >= 1,67016,67016,0
IN,2018,AGEP > 16,67680,53962,13718
IN,2018,PINCP > 100,53962,48821,5141
IN,2018,WKHP > 0,48821,35022,13799
IN,2018,PWGTP >= 1,35022,35022,0
IA,2018,AGEP > 16,32362,25996,6366
IA,2018,PINCP > 100,25996,24253,1743
IA,2018,WKHP > 0,24253,17745,6508
IA,2018,PWGTP >= 1,17745,17745,0
KS,2018,AGEP > 16,29567,23429,6138
KS,2018,PINCP > 100,23429,21537,1892
KS,2018,WKHP > 0,21537,15807,5730
KS,2018,PWGTP >= 1,15807,15807,0
KY,2018,AGEP > 16,45475,36603,8872
KY,2018,PINCP > 100,36603,32727,3876
KY,2018,WKHP > 0,32727,22006,10721
KY,2018,PWGTP >= 1,22006,22006,0
LA,2018,AGEP > 16,43589,35352,8237
LA,2018,PINCP > 100,35352,30801,4551
LA,2018,WKHP > 0,30801,20667,10134
LA,2018,PWGTP >= 1,20667,20667,0
ME,2018,AGEP > 16,13275,11197,2078
ME,2018,PINCP > 100,11197,10448,749
ME,2018,WKHP > 0,10448,7002,3446
ME,2018,PWGTP >= 1,7002,7002,0
MD,2018,AGEP > 16,59840,48492,11348
MD,2018,PINCP > 100,48492,43939,4553
MD,2018,WKHP > 0,43939,33042,10897
MD,2018,PWGTP >= 1,33042,33042,0
MA,2018,AGEP > 16,70131,58333,11798
MA,2018,PINCP > 100,58333,53173,5160
MA,2018,WKHP > 0,53173,40114,13059
MA,2018,PWGTP >= 1,40114,40114,0
MI,2018,AGEP > 16,99419,81059,18360
MI,2018,PINCP > 100,81059,73626,7433
MI,2018,WKHP > 0,73626,50008,23618
MI,2018,PWGTP >= 1,50008,50008,0
MN,2018,AGEP > 16,55783,44591,11192
MN,2018,PINCP > 100,44591,41914,2677
MN,2018,WKHP > 0,41914,31021,10893
MN,2018,PWGTP >= 1,31021,31021,0
MS,2018,AGEP > 16,29124,23474,5650
MS,2018,PINCP > 100,23474,20440,3034
MS,2018,WKHP > 0,20440,13189,7251
MS,2018,PWGTP >= 1,13189,13189,0
MO,2018,AGEP > 16,62416,50404,12012
MO,2018,PINCP > 100,50404,45655,4749
MO,2018,WKHP > 0,45655,31664,13991
MO,2018,PWGTP >= 1,31664,31664,0
MT,2018,AGEP > 16,10336,8351,1985
MT,2018,PINCP > 100,8351,7706,645
MT,2018,WKHP > 0,7706,5463,2243
MT,2018,PWGTP >= 1,5463,5463,0
NE,2018,AGEP > 16,19451,15332,4119
NE,2018,PINCP > 100,15332,14301,1031
NE,2018,WKHP > 0,14301,10785,3516
NE,2018,PWGTP >= 1,10785,10785,0
NV,2018,AGEP > 16,28927,23308,5619
NV,2018,PINCP > 100,23308,20761,2547
NV,2018,WKHP > 0,20761,14807,5954
NV,2018,PWGTP >= 1,14807,14807,0
NH,2018,AGEP > 16,13780,11553,2227
NH,2018,PINCP > 100,11553,10732,821
NH,2018,WKHP > 0,10732,7966,2766
NH,2018,PWGTP >= 1,7966,7966,0
NJ,2018,AGEP > 16,88586,72351,16235
NJ,2018,PINCP > 100,72351,64396,7955
NJ,2018,WKHP > 0,64396,47781,16615
NJ,2018,PWGTP >= 1,47781,47781,0
NM,2018,AGEP > 16,19247,15651,3596
NM,2018,PINCP > 100,15651,13459,2192
NM,2018,WKHP > 0,13459,8711,4748
NM,2018,PWGTP >= 1,8711,8711,0
NY,2018,AGEP > 16,196967,161687,35280
NY,2018,PINCP > 100,161687,143513,18174
NY,2018,WKHP > 0,143513,103021,40492
NY,2018,PWGTP >= 1,103021,103021,0
NC,2018,AGEP > 16,102523,83563,18960
NC,2018,PINCP > 100,83563,74899,8664
NC,2018,WKHP > 0,74899,52067,22832
NC,2018,PWGTP >= 1,52067,52067,0
ND,2018,AGEP > 16,7876,6306,1570
ND,2018,PINCP > 100,6306,5883,423
ND,2018,WKHP > 0,5883,4455,1428
ND,2018,PWGTP >= 1,4455,4455,0
OH,2018,AGEP > 16,119086,96421,22665
OH,2018,PINCP > 100,96421,88348,8073
OH,2018,WKHP > 0,88348,62135,26213
OH,2018,PWGTP >= 1,62135,62135,0
OK,2018,AGEP > 16,37648,29511,8137
OK,2018,PINCP > 100,29511,26034,3477
OK,2018,WKHP > 0,26034,17917,8117
OK,2018,PWGTP >= 1,17917,17917,0
OR,2018,AGEP > 16,42117,34504,7613
OR,2018,PINCP > 100,34504,31530,2974
OR,2018,WKHP > 0,31530,21919,9611
OR,2018,PWGTP >= 1,21919,21919,0
PA,2018,AGEP > 16,129066,106605,22461
PA,2018,PINCP > 100,106605,97615,8990
PA,2018,WKHP > 0,97615,68308,29307
PA,2018,PWGTP >= 1,68308,68308,0
RI,2018,AGEP > 16,10489,8769,1720
RI,2018,PINCP > 100,8769,8090,679
RI,2018,WKHP > 0,8090,5712,2378
RI,2018,PWGTP >= 1,5712,5712,0
SC,2018,AGEP > 16,49818,40946,8872
SC,2018,PINCP > 100,40946,36822,4124
SC,2018,WKHP > 0,36822,24879,11943
SC,2018,PWGTP >= 1,24879,24879,0
SD,2018,AGEP > 16,8986,6897,2089
SD,2018,PINCP > 100,6897,6433,464
SD,2018,WKHP > 0,6433,4899,1534
SD,2018,PWGTP >= 1,4899,4899,0
TN,2018,AGEP > 16,67950,54955,12995
TN,2018,PINCP > 100,54955,49136,5819
TN,2018,WKHP > 0,49136,34003,15133
TN,2018,PWGTP >= 1,34003,34003,0
TX,2018,AGEP > 16,268100,210597,57503
TX,2018,PINCP > 100,210597,182302,28295
TX,2018,WKHP > 0,182302,135924,46378
TX,2018,PWGTP >= 1,135924,135924,0
UT,2018,AGEP > 16,31603,23023,8580
UT,2018,PINCP > 100,23023,20517,2506
UT,2018,WKHP > 0,20517,16337,4180
UT,2018,PWGTP >= 1,16337,16337,0
VT,2018,AGEP > 16,6436,5448,988
VT,2018,PINCP > 100,5448,5135,313
VT,2018,WKHP > 0,5135,3767,1368
VT,2018,PWGTP >= 1,3767,3767,0
VA,2018,AGEP > 16,84755,68637,16118
VA,2018,PINCP > 100,68637,62104,6533
VA,2018,WKHP > 0,62104,46144,15960
VA,2018,PWGTP >= 1,46144,46144,0
WA,2018,AGEP > 16,76225,61477,14748
WA,2018,PINCP > 100,61477,55631,5846
WA,2018,WKHP > 0,55631,39944,15687
WA,2018,PWGTP >= 1,39944,39944,0
WV,2018,AGEP > 16,18066,15009,3057
WV,2018,PINCP > 100,15009,13329,1680
WV,2018,WKHP > 0,13329,8103,5226
WV,2018,PWGTP >= 1,8103,8103,0
WI,2018,AGEP > 16,59833,48459,11374
WI,2018,PINCP > 100,48459,45202,3257
WI,2018,WKHP > 0,45202,32690,12512
WI,2018,PWGTP >= 1,32690,32690,0
WY,2018,AGEP > 16,5740,4595,1145
WY,2018,PINCP > 100,4595,4248,347
WY,2018,WKHP > 0,4248,3064,1184
WY,2018,PWGTP >= 1,3064,3064,0
AL,2021,AGEP > 16,49647,40763,8884
AL,2021,PINCP > 100,40763,35953,4810
AL,2021,WKHP > 0,35953,22733,13220
AL,2021,PWGTP >= 1,22733,22733,0
AK,2021,AGEP > 16,6411,5013,1398
AK,2021,PINCP > 100,5013,4719,294
AK,2021,WKHP > 0,4719,3298,1421
AK,2021,PWGTP >= 1,3298,3298,0
AZ,2021,AGEP > 16,73025,59744,13281
AZ,2021,PINCP > 100,59744,52179,7565
AZ,2021,WKHP > 0,52179,34364,17815
AZ,2021,PWGTP >= 1,34364,34364,0
AR,2021,AGEP > 16,30050,24193,5857
AR,2021,PINCP > 100,24193,21234,2959
AR,2021,WKHP > 0,21234,13554,7680
AR,2021,PWGTP >= 1,13554,13554,0
CA,2021,AGEP > 16,386061,316335,69726
CA,2021,PINCP > 100,316335,270606,45729
CA,2021,WKHP > 0,270606,192223,78383
CA,2021,PWGTP >= 1,192223,192223,0
CO,2021,AGEP > 16,58131,47688,10443
CO,2021,PINCP > 100,47688,43191,4497
CO,2021,WKHP > 0,43191,32028,11163
CO,2021,PWGTP >= 1,32028,32028,0
CT,2021,AGEP > 16,36665,30519,6146
CT,2021,PINCP > 100,30519,27786,2733
CT,2021,WKHP > 0,27786,19514,8272
CT,2021,PWGTP >= 1,19514,19514,0
DE,2021,AGEP > 16,9424,7972,1452
DE,2021,PINCP > 100,7972,7241,731
DE,2021,WKHP > 0,7241,4633,2608
DE,2021,PWGTP >= 1,4633,4633,0
FL,2021,AGEP > 16,202883,172055,30828
FL,2021,PINCP > 100,172055,152066,19989
FL,2021,WKHP > 0,152066,97388,54678
FL,2021,PWGTP >= 1,97388,97388,0
GA,2021,AGEP > 16,97104,79129,17975
GA,2021,PINCP > 100,79129,68703,10426
GA,2021,WKHP > 0,68703,47639,21064
GA,2021,PWGTP >= 1,47639,47639,0
HI,2021,AGEP > 16,14959,12382,2577
HI,2021,PINCP > 100,12382,11050,1332
HI,2021,WKHP > 0,11050,7655,3395
HI,2021,PWGTP >= 1,7655,7655,0
ID,2021,AGEP > 16,17936,13938,3998
ID,2021,PINCP > 100,13938,12663,1275
ID,2021,WKHP > 0,12663,8729,3934
ID,2021,PWGTP >= 1,8729,8729,0
IL,2021,AGEP > 16,126623,103162,23461
IL,2021,PINCP > 100,103162,91852,11310
IL,2021,WKHP > 0,91852,64534,27318
IL,2021,PWGTP >= 1,64534,64534,0
IN,2021,AGEP > 16,68122,54810,13312
IN,2021,PINCP > 100,54810,49336,5474
IN,2021,WKHP > 0,49336,34372,14964
IN,2021,PWGTP >= 1,34372,34372,0
IA,2021,AGEP > 16,32572,26248,6324
IA,2021,PINCP > 100,26248,24437,1811
IA,2021,WKHP > 0,24437,17172,7265
IA,2021,PWGTP >= 1,17172,17172,0
KS,2021,AGEP > 16,28957,23149,5808
KS,2021,PINCP > 100,23149,21252,1897
KS,2021,WKHP > 0,21252,14942,6310
KS,2021,PWGTP >= 1,14942,14942,0
KY,2021,AGEP > 16,45892,37090,8802
KY,2021,PINCP > 100,37090,32994,4096
KY,2021,WKHP > 0,32994,21554,11440
KY,2021,PWGTP >= 1,21554,21554,0
LA,2021,AGEP > 16,43663,35759,7904
LA,2021,PINCP > 100,35759,31127,4632
LA,2021,WKHP > 0,31127,19821,11306
LA,2021,PWGTP >= 1,19821,19821,0
ME,2021,AGEP > 16,13883,11804,2079
ME,2021,PINCP > 100,11804,10957,847
ME,2021,WKHP > 0,10957,6959,3998
ME,2021,PWGTP >= 1,6959,6959,0
MD,2021,AGEP > 16,62853,51360,11493
MD,2021,PINCP > 100,51360,45672,5688
MD,2021,WKHP > 0,45672,33101,12571
MD,2021,PWGTP >= 1,33101,33101,0
MA,2021,AGEP > 16,73108,61234,11874
MA,2021,PINCP > 100,61234,55485,5749
MA,2021,WKHP > 0,55485,40364,15121
MA,2021,PWGTP >= 1,40364,40364,0
MI,2021,AGEP > 16,99040,81750,17290
MI,2021,PINCP > 100,81750,74127,7623
MI,2021,WKHP > 0,74127,48030,26097
MI,2021,PWGTP >= 1,48030,48030,0
MN,2021,AGEP > 16,56636,45498,11138
MN,2021,PINCP > 100,45498,42680,2818
MN,2021,WKHP > 0,42680,30453,12227
MN,2021,PWGTP >= 1,30453,30453,0
MS,2021,AGEP > 16,28572,23309,5263
MS,2021,PINCP > 100,23309,20223,3086
MS,2021,WKHP > 0,20223,12500,7723
MS,2021,PWGTP >= 1,12500,12500,0
MO,2021,AGEP > 16,62254,50398,11856
MO,2021,PINCP > 100,50398,45319,5079
MO,2021,WKHP > 0,45319,30821,14498
MO,2021,PWGTP >= 1,30821,30821,0
MT,2021,AGEP > 16,10615,8659,1956
MT,2021,PINCP > 100,8659,7999,660
MT,2021,WKHP > 0,7999,5408,2591
MT,2021,PWGTP >= 1,5408,5408,0
NE,2021,AGEP > 16,19436,15437,3999
NE,2021,PINCP > 100,15437,14371,1066
NE,2021,WKHP > 0,14371,10676,3695
NE,2021,PWGTP >= 1,10676,10676,0
NV,2021,AGEP > 16,30080,24575,5505
NV,2021,PINCP > 100,24575,21733,2842
NV,2021,WKHP > 0,21733,14656,7077
NV,2021,PWGTP >= 1,14656,14656,0
NH,2021,AGEP > 16,13606,11515,2091
NH,2021,PINCP > 100,11515,10609,906
NH,2021,WKHP > 0,10609,7516,3093
NH,2021,PWGTP >= 1,7516,7516,0
NJ,2021,AGEP > 16,93154,76255,16899
NJ,2021,PINCP > 100,76255,67821,8434
NJ,2021,WKHP > 0,67821,48807,19014
NJ,2021,PWGTP >= 1,48807,48807,0
NM,2021,AGEP > 16,19533,16050,3483
NM,2021,PINCP > 100,16050,13909,2141
NM,2021,WKHP > 0,13909,8591,5318
NM,2021,PWGTP >= 1,8591,8591,0
NY,2021,AGEP > 16,200067,166454,33613
NY,2021,PINCP > 100,166454,147126,19328
NY,2021,WKHP > 0,147126,100270,46856
NY,2021,PWGTP >= 1,100270,100270,0
NC,2021,AGEP > 16,104337,86282,18055
NC,2021,PINCP > 100,86282,76674,9608
NC,2021,WKHP > 0,76674,51222,25452
NC,2021,PWGTP >= 1,51222,51222,0
ND,2021,AGEP > 16,7691,6160,1531
ND,2021,PINCP > 100,6160,5699,461
ND,2021,WKHP > 0,5699,4163,1536
ND,2021,PWGTP >= 1,4163,4163,0
OH,2021,AGEP > 16,119869,97847,22022
OH,2021,PINCP > 100,97847,88808,9039
OH,2021,WKHP > 0,88808,60354,28454
OH,2021,PWGTP >= 1,60354,60354,0
OK,2021,AGEP > 16,37780,29970,7810
OK,2021,PINCP > 100,29970,25944,4026
OK,2021,WKHP > 0,25944,17402,8542
OK,2021,PWGTP >= 1,17402,17402,0
OR,2021,AGEP > 16,42752,35414,7338
OR,2021,PINCP > 100,35414,31967,3447
OR,2021,WKHP > 0,31967,21370,10597
OR,2021,PWGTP >= 1,21370,21370,0
PA,2021,AGEP > 16,129787,107797,21990
PA,2021,PINCP > 100,107797,97416,10381
PA,2021,WKHP > 0,97416,65241,32175
PA,2021,PWGTP >= 1,65241,65241,0
RI,2021,AGEP > 16,10957,9377,1580
RI,2021,PINCP > 100,9377,8632,745
RI,2021,WKHP > 0,8632,5996,2636
RI,2021,PWGTP >= 1,5996,5996,0
SC,2021,AGEP > 16,51580,42543,9037
SC,2021,PINCP > 100,42543,38027,4516
SC,2021,WKHP > 0,38027,24581,13446
SC,2021,PWGTP >= 1,24581,24581,0
SD,2021,AGEP > 16,8823,6948,1875
SD,2021,PINCP > 100,6948,6490,458
SD,2021,WKHP > 0,6490,4723,1767
SD,2021,PWGTP >= 1,4723,4723,0
TN,2021,AGEP > 16,69853,57097,12756
TN,2021,PINCP > 100,57097,50865,6232
TN,2021,WKHP > 0,50865,34320,16545
TN,2021,PWGTP >= 1,34320,34320,0
TX,2021,AGEP > 16,261446,209060,52386
TX,2021,PINCP > 100,209060,179678,29382
TX,2021,WKHP > 0,179678,128587,51091
TX,2021,PWGTP >= 1,128587,128587,0
UT,2021,AGEP > 16,33731,25302,8429
UT,2021,PINCP > 100,25302,22546,2756
UT,2021,WKHP > 0,22546,17442,5104
UT,2021,PWGTP >= 1,17442,17442,0
VT,2021,AGEP > 16,6678,5679,999
VT,2021,PINCP > 100,5679,5282,397
VT,2021,WKHP > 0,5282,3581,1701
VT,2021,PWGTP >= 1,3581,3581,0
VA,2021,AGEP > 16,87093,71347,15746
VA,2021,PINCP > 100,71347,63698,7649
VA,2021,WKHP > 0,63698,45928,17770
VA,2021,PWGTP >= 1,45928,45928,0
WA,2021,AGEP > 16,78528,63904,14624
WA,2021,PINCP > 100,63904,57296,6608
WA,2021,WKHP > 0,57296,39954,17342
WA,2021,PWGTP >= 1,39954,39954,0
WV,2021,AGEP > 16,17428,14514,2914
WV,2021,PINCP > 100,14514,12799,1715
WV,2021,WKHP > 0,12799,7488,5311
WV,2021,PWGTP >= 1,7488,7488,0
WI,2021,AGEP > 16,60281,49139,11142
WI,2021,PINCP > 100,49139,45616,3523
WI,2021,WKHP > 0,45616,31684,13932
WI,2021,PWGTP >= 1,31684,31684,0
WY,2021,AGEP > 16,5861,4617,1244
WY,2021,PINCP > 100,4617,4268,349
WY,2021,WKHP > 0,4268,2944,1324
WY,2021,PWGTP >= 1,2944,2944,0
