state,year,raw_rows,retained_rows,retention_rate,positive_rows,positive_rate,weighted_positive_rate,person_weight_sum,feature_memory_mb,converted_nan_count
AL,2018,47777,22268,0.46608200598614397,6924,0.3109394647027124,0.29327434869080404,2310884.0,1.78144,0
AK,2018,6711,3546,0.5283862315601252,1371,0.3866328257191201,0.4151096289217401,406006.0,0.28368,0
AZ,2018,69990,33277,0.4754536362337477,11300,0.33957387985695825,0.3133715816064218,3545781.0,2.66216,0
AR,2018,30503,13929,0.4566436088253614,3733,0.2680020101945581,0.25742886736970894,1438510.0,1.11432,0
CA,2018,378817,195665,0.516515890258357,80335,0.4105741956916158,0.38431819149285873,20625542.0,15.6532,0
CO,2018,55928,31306,0.5597553997997425,12972,0.41436146425605314,0.3852578962952962,3258965.0,2.50448,0
CT,2018,36287,19785,0.5452365861052167,9463,0.4782916350770786,0.44313332303709513,1987781.0,1.5828,0
DE,2018,9123,4713,0.5166063794804341,1838,0.38998514746446,0.3503062120657921,511247.0,0.37704,0
FL,2018,202160,98925,0.4893401266323704,32776,0.3313217083649229,0.287139456701747,10587702.0,7.914,0
GA,2018,100855,50915,0.5048336721035149,18045,0.3544142197780615,0.32701157400982545,5404350.0,4.0732,0
HI,2018,14400,7731,0.536875,2947,0.3811926012158841,0.3628891723754526,775267.0,0.61848,0
ID,2018,16711,8265,0.4945844054814194,2386,0.2886872353297036,0.2763184034325047,901033.0,0.6612,0
IL,2018,126456,67016,0.5299550831909914,26373,0.39353288766861644,0.378269001721057,6830105.0,5.36128,0
IN,2018,67680,35022,0.5174645390070922,10787,0.30800639597966994,0.3043940098980562,3526551.0,2.80176,0
IA,2018,32362,17745,0.548328286261665,5455,0.30741053817976893,0.31885805624431657,1770490.0,1.4196,0
KS,2018,29567,15807,0.5346162951939663,4938,0.3123932434997153,0.31827438978311795,1587960.0,1.26456,0
KY,2018,45475,22006,0.48391423859263333,6842,0.3109152049441061,0.2896945238007826,2206293.0,1.76048,0
LA,2018,43589,20667,0.4741333822753447,6871,0.3324623796390381,0.3098300207662863,2221389.0,1.65336,0
ME,2018,13275,7002,0.5274576271186441,2123,0.3031990859754356,0.3248002676480428,747250.0,0.56016,0
MD,2018,59840,33042,0.5521724598930481,16032,0.4852006537134556,0.4528077106518518,3381919.0,2.64336,0
MA,2018,70131,40114,0.5719867105844776,18791,0.4684399461534626,0.4487669149455851,3971340.0,3.20912,0
MI,2018,99419,50008,0.5030024442008066,16861,0.33716605343145095,0.3249708214769399,5171612.0,4.00064,0
MN,2018,55783,31021,0.5561013211910438,11550,0.37232842268140937,0.3800353798826229,3214256.0,2.48168,0
MS,2018,29124,13189,0.45285675044636725,3555,0.2695428008188642,0.24692521180251242,1369200.0,1.05512,0
MO,2018,62416,31664,0.5073058190207639,9757,0.30814173825164226,0.30277959100286017,3210976.0,2.53312,0
MT,2018,10336,5463,0.5285410216718266,1598,0.29251327109646713,0.2761875988675633,589172.0,0.43704,0
NE,2018,19451,10785,0.5544702071872911,3368,0.31228558182661104,0.31533568098649256,1087327.0,0.8628,0
NV,2018,28927,14807,0.5118747191205448,4985,0.3366650908354157,0.31371253647018765,1574231.0,1.18456,0
NH,2018,13780,7966,0.5780841799709724,3186,0.39994978659302033,0.3903175120361203,794899.0,0.63728,0
NJ,2018,88586,47781,0.5393741674756733,23430,0.4903622778928863,0.4589816910860475,4847311.0,3.82248,0
NM,2018,19247,8711,0.45259001402816024,2593,0.2976696131328206,0.2705747079445222,978410.0,0.69688,0
NY,2018,196967,103021,0.5230368538892302,42727,0.41474068393822616,0.40788792453271977,10335393.0,8.24168,0
NC,2018,102523,52067,0.507856773602021,16980,0.3261182706896883,0.29789941063186015,5405959.0,4.16536,0
ND,2018,7876,4455,0.5656424581005587,1636,0.3672278338945006,0.35125751850883286,443572.0,0.3564,0
OH,2018,119086,62135,0.5217657827116537,21106,0.3396797296209866,0.32952047852272925,6207772.0,4.9708,0
OK,2018,37648,17917,0.47590841478963025,5059,0.2823575375341854,0.28349767250573055,1984108.0,1.43336,0
OR,2018,42117,21919,0.5204311798086283,7989,0.3644783064920845,0.3460874413975444,2234548.0,1.75352,0
PA,2018,129066,68308,0.5292486014907102,24385,0.356986004567547,0.3570594642599387,6900212.0,5.46464,0
RI,2018,10489,5712,0.5445705024311183,2403,0.4206932773109244,0.3877033933287161,578989.0,0.45696,0
SC,2018,49818,24879,0.49939780802119715,7640,0.30708629768077494,0.28429078123218154,2569313.0,1.99032,0
SD,2018,8986,4899,0.5451813932784331,1323,0.2700551132884262,0.2546317704620765,495221.0,0.39192,0
TN,2018,67950,34003,0.5004120676968359,10455,0.30747287004087875,0.2854979684200786,3447317.0,2.72024,0
TX,2018,268100,135924,0.5069899291309213,49585,0.3647994467496542,0.334764671424944,14717231.0,10.87392,0
UT,2018,31603,16337,0.5169445938676708,5454,0.33384342290506214,0.32020379445990477,1654412.0,1.30696,0
VT,2018,6436,3767,0.5853014294592915,1293,0.3432439607114415,0.3229895840850593,374139.0,0.30136,0
VA,2018,84755,46144,0.5444398560556899,20167,0.4370449029126214,0.40134015809767787,4675717.0,3.69152,0
WA,2018,76225,39944,0.5240275500163988,17110,0.42834968956539154,0.41082514516091545,4087705.0,3.19552,0
WV,2018,18066,8103,0.44852208568581864,2355,0.29063309885227695,0.28041349200487686,825941.0,0.64824,0
WI,2018,59833,32690,0.5463540186853408,11157,0.34129703273172224,0.33339232374263783,3260417.0,2.6152,0
WY,2018,5740,3064,0.5337979094076655,1096,0.3577023498694517,0.3461961205550629,320252.0,0.24512,0
AL,2021,49647,22733,0.45789272262170927,7969,0.35054766198917875,0.33579095671202214,2401914.0,1.81864,0
AK,2021,6411,3298,0.5144283263141476,1474,0.44693753790175866,0.4688839638340785,391197.0,0.26384,0
AZ,2021,73025,34364,0.4705785689832249,13692,0.39844022814573393,0.3809589079252803,3625979.0,2.74912,0
AR,2021,30050,13554,0.45104825291181366,4214,0.31090453002803603,0.30830071607654985,1441466.0,1.08432,0
CA,2021,386061,192223,0.49790836163197005,87980,0.45769757000983236,0.4411432749900545,19936201.0,15.37784,0
CO,2021,58131,32028,0.5509624812922537,15156,0.47321094042712625,0.4584377671474563,3298740.0,2.56224,0
CT,2021,36665,19514,0.5322241920087276,10016,0.5132725222916881,0.47765222105001676,1988654.0,1.56112,0
DE,2021,9424,4633,0.49161714770797965,2071,0.44701057630045327,0.4171062203555875,515485.0,0.37064,0
FL,2021,202883,97388,0.48002050442866084,36789,0.3777570131843759,0.34529200082783834,10862024.0,7.79104,0
GA,2021,97104,47639,0.49059770967210414,18610,0.39064631919225845,0.37291404088016517,5535643.0,3.81112,0
HI,2021,14959,7655,0.511732067651581,3258,0.4256041802743305,0.4232193395429891,740245.0,0.6124,0
ID,2021,17936,8729,0.4866748438893845,2923,0.3348608087982587,0.3279852117414376,982401.0,0.69832,0
IL,2021,126623,64534,0.5096546441009927,28313,0.438729971797812,0.42689262776742315,6615947.0,5.16272,0
IN,2021,68122,34372,0.5045653386571152,12302,0.3579075992086582,0.3629089597420901,3554109.0,2.74976,0
IA,2021,32572,17172,0.527201277170576,6190,0.36047053342650826,0.37406402080647816,1760990.0,1.37376,0
KS,2021,28957,14942,0.5160064923852609,5582,0.37357783429259805,0.3693299507006021,1576287.0,1.19536,0
KY,2021,45892,21554,0.4696679159766408,7733,0.3587733135380904,0.3341014379044631,2203693.0,1.72432,0
LA,2021,43663,19821,0.4539541488216568,7237,0.3651178043489229,0.3442859529715468,2178596.0,1.58568,0
ME,2021,13883,6959,0.5012605344666139,2511,0.3608277051300474,0.38615195109299544,746069.0,0.55672,0
MD,2021,62853,33101,0.5266415286462063,17612,0.5320685175674451,0.5082129242337976,3345885.0,2.64808,0
MA,2021,73108,40364,0.5521146796520217,21360,0.5291844217619661,0.5164217402215718,3940843.0,3.22912,0
MI,2021,99040,48030,0.48495557350565427,18723,0.3898188632104934,0.3789684877230461,5109818.0,3.8424,0
MN,2021,56636,30453,0.5376968712479695,13548,0.44488227760811744,0.4440852527252429,3218337.0,2.43624,0
MS,2021,28572,12500,0.4374912501749965,3705,0.2964,0.29288407354778484,1351883.0,1.0,0
MO,2021,62254,30821,0.4950846531949754,11302,0.3666980305635768,0.36226597939555055,3215422.0,2.46568,0
MT,2021,10615,5408,0.5094677343382007,1932,0.3572485207100592,0.34358880261208363,583136.0,0.43264,0
NE,2021,19436,10676,0.549289977361597,4035,0.3779505432746347,0.3807090565165911,1108064.0,0.85408,0
NV,2021,30080,14656,0.48723404255319147,5454,0.37213427947598254,0.3554655604552576,1583543.0,1.17248,0
NH,2021,13606,7516,0.55240335146259,3604,0.4795103778605641,0.4683464888421949,803339.0,0.60128,0
NJ,2021,93154,48807,0.5239388539407862,25812,0.5288585653697215,0.5020171397584622,4932975.0,3.90456,0
NM,2021,19533,8591,0.43981979214662364,3133,0.36468397159818416,0.34162819318003956,977513.0,0.68728,0
NY,2021,200067,100270,0.5011821039951616,46433,0.46307968485090256,0.4553006567289466,10197510.0,8.0216,0
NC,2021,104337,51222,0.49092843382500934,19551,0.38169146070048027,0.3626249645588544,5431540.0,4.09776,0
ND,2021,7691,4163,0.5412820179430503,1689,0.4057170309872688,0.3959924456950118,445309.0,0.33304,0
OH,2021,119869,60354,0.5034996537887193,23374,0.3872817046094708,0.3797449787824183,6142783.0,4.82832,0
OK,2021,37780,17402,0.4606140815246162,5553,0.3191012527295713,0.3271064014482077,1956073.0,1.39216,0
OR,2021,42752,21370,0.49985965568862273,9216,0.43125877398221807,0.4117448204183944,2224504.0,1.7096,0
PA,2021,129787,65241,0.502677463844607,27423,0.4203338391502276,0.42408750454615535,6777705.0,5.21928,0
RI,2021,10957,5996,0.5472300812266131,2736,0.4563042028018679,0.4274511020003134,612704.0,0.47968,0
SC,2021,51580,24581,0.47656068243505234,8851,0.36007485456246696,0.34414008774993027,2562965.0,1.96648,0
SD,2021,8823,4723,0.535305451660433,1590,0.3366504340461571,0.3500094282047279,493201.0,0.37784,0
TN,2021,69853,34320,0.49131748099580547,12180,0.3548951048951049,0.3456540229943368,3548178.0,2.7456,0
TX,2021,261446,128587,0.491830052859864,51782,0.4027001174302223,0.3863640162069369,15077988.0,10.28696,0
UT,2021,33731,17442,0.5170911031395452,6668,0.38229560830180026,0.37138280850910615,1777484.0,1.39536,0
VT,2021,6678,3581,0.5362383947289607,1434,0.40044680256911475,0.3989248950525776,360895.0,0.28648,0
VA,2021,87093,45928,0.5273443330692478,21952,0.4779655112349765,0.4550042734695917,4682378.0,3.67424,0
WA,2021,78528,39954,0.5087866748166259,19743,0.4941432647544676,0.48287937639433615,4125171.0,3.19632,0
WV,2021,17428,7488,0.4296534312600413,2566,0.34268162393162394,0.33148525321428174,805701.0,0.59904,0
WI,2021,60281,31684,0.52560508286193,12645,0.3990973361949249,0.3955872088952848,3242347.0,2.53472,0
WY,2021,5861,2944,0.5023033612011603,1096,0.37228260869565216,0.3729232865721254,314078.0,0.23552,0
