state,feature,total_variation
AK,COW,0.05295557614606539
AK,MAR,0.01686728732346289
AK,OCCP,0.21403167997011985
AK,POBP,0.07455030087112906
AK,RAC1P,0.06357696147693467
AK,RELP,0.042041750850042595
AK,SCHL,0.05228552948906464
AK,SEX,0.004141531366153001
AL,COW,0.022067044637354184
AL,MAR,0.01765876195534275
AL,OCCP,0.10201464725769652
AL,POBP,0.02753158673926153
AL,RAC1P,0.05755089990359971
AL,RELP,0.017251892149547976
AL,SCHL,0.028878378836785342
AL,SEX,0.004605217426649155
AR,COW,0.02539483501528064
AR,MAR,0.008597767257721435
AR,OCCP,0.12215295930531905
AR,POBP,0.027992718781148097
AR,RAC1P,0.09705749874045033
AR,RELP,0.01685446375091843
AR,SCHL,0.02266404424817938
AR,SEX,0.0011224476143177065
AZ,COW,0.01744215329540726
AZ,MAR,0.01841027935977954
AZ,OCCP,0.10397639931400257
AZ,POBP,0.03753981261273001
AZ,RAC1P,0.17251049396282653
AZ,RELP,0.015660754009860417
AZ,SCHL,0.03432256484824735
AZ,SEX,0.0034787072657738727
CA,COW,0.02171617352453847
CA,MAR,0.016149914687524358
CA,OCCP,0.07658460868961263
CA,POBP,0.02137821101043265
CA,RAC1P,0.2036791618764984
CA,RELP,0.01812442481477034
CA,SCHL,0.03464427845898223
CA,SEX,0.002998464746908791
CO,COW,0.018882823900389784
CO,MAR,0.020299886372821867
CO,OCCP,0.10392025174165029
CO,POBP,0.03765794122310611
CO,RAC1P,0.1251683038696791
CO,RELP,0.018097844670842418
CO,SCHL,0.03071505079832124
CO,SEX,0.0015812403525947705
CT,COW,0.024071510875767137
CT,MAR,0.02097216596294764
CT,OCCP,0.10897633313371381
CT,POBP,0.04762542002140517
CT,RAC1P,0.09270733460440223
CT,RELP,0.018152469683514083
CT,SCHL,0.032929579740434534
CT,SEX,0.0018743021767074763
DE,COW,0.03407239707723205
DE,MAR,0.019000629667636368
DE,OCCP,0.1978435497811826
DE,POBP,0.06001645315259503
DE,RAC1P,0.08977057318440224
DE,RELP,0.017667377487190584
DE,SCHL,0.04407407829760661
DE,SEX,0.008061293695185406
FL,COW,0.014573379440767954
FL,MAR,0.015704286226646897
FL,OCCP,0.0809834837951109
FL,POBP,0.028851229702337056
FL,RAC1P,0.20114430896087432
FL,RELP,0.012806328233047913
FL,SCHL,0.02705162166597699
FL,SEX,0.003620801153784048
GA,COW,0.023386946150914027
GA,MAR,0.023546639270921682
GA,OCCP,0.0939870118018704
GA,POBP,0.030140284016833163
GA,RAC1P,0.08168758203599542
GA,RELP,0.025941149670367057
GA,SCHL,0.02159933367571349
GA,SEX,0.0013272172044465902
HI,COW,0.033680447570795906
HI,MAR,0.012777487565436153
HI,OCCP,0.16545695855269288
HI,POBP,0.05489859423169389
HI,RAC1P,0.049548278364919165
HI,RELP,0.025469660306242876
HI,SCHL,0.049752280321296756
HI,SEX,0.004044436367501236
IA,COW,0.03280466599286148
IA,MAR,0.013092200852239557
IA,OCCP,0.10911722261504556
IA,POBP,0.02499260133512675
IA,RAC1P,0.04870448048967642
IA,RELP,0.009411682585364265
IA,SCHL,0.02279130409270707
IA,SEX,0.002035356462061849
ID,COW,0.034539837967010566
ID,MAR,0.007636975357399111
ID,OCCP,0.1421239546339787
ID,POBP,0.04809497681654015
ID,RAC1P,0.08806780383195362
ID,RELP,0.021401137165286944
ID,SCHL,0.0310017224295703
ID,SEX,0.012126949289824385
IL,COW,0.03011760785237302
IL,MAR,0.010501136070112216
IL,OCCP,0.08752154670107556
IL,POBP,0.0183638841960796
IL,RAC1P,0.10017503832648815
IL,RELP,0.009857913905418918
IL,SCHL,0.02700160638528078
IL,SEX,0.003646063992762988
IN,COW,0.034563599573589794
IN,MAR,0.010206292634212789
IN,OCCP,0.10264963341391375
IN,POBP,0.02154090132755111
IN,RAC1P,0.05484065300298382
IN,RELP,0.009376837779339205
IN,SCHL,0.02542806246447553
IN,SEX,0.0043882077667022346
KS,COW,0.03842432107338947
KS,MAR,0.0037855025048373
KS,OCCP,0.11907951250095083
KS,POBP,0.03814553491187623
KS,RAC1P,0.06941437555511347
KS,RELP,0.014640926548597935
KS,SCHL,0.033403054007009346
KS,SEX,0.006131631625922812
KY,COW,0.036069780997499475
KY,MAR,0.010887504501100667
KY,OCCP,0.11674064006989548
KY,POBP,0.03791227326118076
KY,RAC1P,0.05156624639752774
KY,RELP,0.013642849781299626
KY,SCHL,0.03485832619514443
KY,SEX,0.004119769405681678
LA,COW,0.03682082230680808
LA,MAR,0.009352012311611488
LA,OCCP,0.11516606799676966
LA,POBP,0.030794195654533826
LA,RAC1P,0.06973734417886945
LA,RELP,0.00931123510418978
LA,SCHL,0.028381082835374275
LA,SEX,0.0038784192115016713
MA,COW,0.021627047139218755
MA,MAR,0.00902959342605317
MA,OCCP,0.10104840215395042
MA,POBP,0.0368149824135887
MA,RAC1P,0.08269539655604556
MA,RELP,0.013641382934664346
MA,SCHL,0.030689338971286895
MA,SEX,0.007803295737462357
MD,COW,0.023791460216587415
MD,MAR,0.009997850991997109
MD,OCCP,0.1126366920526683
MD,POBP,0.04417462036524959
MD,RAC1P,0.07414893904211281
MD,RELP,0.015093233247757937
MD,SCHL,0.03156416237152615
MD,SEX,0.0038467226794107467
ME,COW,0.03140379204775478
ME,MAR,0.010926506782144551
ME,OCCP,0.1638377580129324
ME,POBP,0.05675790945776622
ME,RAC1P,0.04340879921853461
ME,RELP,0.020249998163232894
ME,SCHL,0.04469291490998878
ME,SEX,0.004894071075868145
MI,COW,0.029505793334986062
MI,MAR,0.009888335834203173
MI,OCCP,0.08966882100862614
MI,POBP,0.01897997049183354
MI,RAC1P,0.04986792952186571
MI,RELP,0.00998151101570156
MI,SCHL,0.03395817027385132
MI,SEX,0.0013017113597448282
MN,COW,0.021316094796813477
MN,MAR,0.0035128235722936105
MN,OCCP,0.10562149465764484
MN,POBP,0.02167020741708171
MN,RAC1P,0.038937784381322574
MN,RELP,0.01358207103808218
MN,SCHL,0.03250269013924258
MN,SEX,0.002117199135663439
MO,COW,0.029191007009307122
MO,MAR,0.005947106250555064
MO,OCCP,0.10542747308010514
MO,POBP,0.021521675944321687
MO,RAC1P,0.06545517808341533
MO,RELP,0.018247454055847705
MO,SCHL,0.03693112284450538
MO,SEX,0.0011906637748990978
MS,COW,0.032282247327318214
MS,MAR,0.022061451209341103
MS,OCCP,0.12027542345894306
MS,POBP,0.027313719008264452
MS,RAC1P,0.05469669573129118
MS,RELP,0.01604629918871784
MS,SCHL,0.028688015770718042
MS,SEX,0.004671335203578736
MT,COW,0.03275183266233197
MT,MAR,0.03683162523138443
MT,OCCP,0.15833577715389274
MT,POBP,0.060928406753555646
MT,RAC1P,0.05232680149515789
MT,RELP,0.023510501523427593
MT,SCHL,0.03721390375489983
MT,SEX,0.0076499030053712724
NC,COW,0.030949803410182622
NC,MAR,0.019814838789951522
NC,OCCP,0.09312562007825648
NC,POBP,0.03408330044758405
NC,RAC1P,0.07571805915781601
NC,RELP,0.011315007493764845
NC,SCHL,0.029765913810437403
NC,SEX,0.008650178737987346
ND,COW,0.0339683702803248
ND,MAR,0.005107794522479394
ND,OCCP,0.17640881551522916
ND,POBP,0.048898788509646074
ND,RAC1P,0.035014678236713635
ND,RELP,0.017215904204454135
ND,SCHL,0.030587833118059723
ND,SEX,0.009393586221194544
NE,COW,0.031197545680214087
NE,MAR,0.011555848298941483
NE,OCCP,0.13181231547569727
NE,POBP,0.03986073208195959
NE,RAC1P,0.058017801878154966
NE,RELP,0.01628972771217397
NE,SCHL,0.03543468484547507
NE,SEX,0.005665340115298956
NH,COW,0.010052001207366573
NH,MAR,0.018699149405195657
NH,OCCP,0.1523122752806399
NH,POBP,0.05232606459304092
NH,RAC1P,0.042339636109131704
NH,RELP,0.028030451932688397
NH,SCHL,0.04181361793476453
NH,SEX,0.0057240010331295055
NJ,COW,0.021536308766420893
NJ,MAR,0.009782064593118724
NJ,OCCP,0.09258542657145893
NJ,POBP,0.03484358106708992
NJ,RAC1P,0.12159295397334673
NJ,RELP,0.009799400433850629
NJ,SCHL,0.03937123029161998
NJ,SEX,0.0008778990155862976
NM,COW,0.04770208738949748
NM,MAR,0.02997940796059385
NM,OCCP,0.15897024222274456
NM,POBP,0.06410564587585092
NM,RAC1P,0.25201482368138917
NM,RELP,0.025899350502840163
NM,SCHL,0.05619349918630958
NM,SEX,9.825458670731368e-05
NV,COW,0.02725572121117032
NV,MAR,0.027268849554220632
NV,OCCP,0.13326182433777484
NV,POBP,0.06502251273518397
NV,RAC1P,0.15665920432416747
NV,RELP,0.02637853684658179
NV,SCHL,0.03870033698507404
NV,SEX,0.0001108789717361447
NY,COW,0.03246382571872439
NY,MAR,0.008503627987507083
NY,OCCP,0.0907875918797312
NY,POBP,0.02075623362760713
NY,RAC1P,0.0868344332766465
NY,RELP,0.009762855692315602
NY,SCHL,0.03573480247007671
NY,SEX,0.0013331559946800908
OH,COW,0.017541685515185174
OH,MAR,0.010291884037447446
OH,OCCP,0.08301141182316304
OH,POBP,0.017621876266792652
OH,RAC1P,0.045604335082864655
OH,RELP,0.011266932997463546
OH,SCHL,0.030259412920223036
OH,SEX,0.0012344815330704029
OK,COW,0.045558637407185895
OK,MAR,0.008576894657795757
OK,OCCP,0.11038916778633001
OK,POBP,0.030553193098183003
OK,RAC1P,0.08449881628318479
OK,RELP,0.019950990731200983
OK,SCHL,0.035094299547498424
OK,SEX,0.004106004973821714
OR,COW,0.011276712577466768
OR,MAR,0.014425618566747091
OR,OCCP,0.10926843575154815
OR,POBP,0.02902677602094904
OR,RAC1P,0.09692958096900908
OR,RELP,0.02463730043803805
OR,SCHL,0.038934311321880355
OR,SEX,0.001922757552304255
PA,COW,0.03539853295248011
PA,MAR,0.003679192726716716
PA,OCCP,0.09357128642407771
PA,POBP,0.017722668903236115
PA,RAC1P,0.04787277096261317
PA,RELP,0.016679726115133516
PA,SCHL,0.039917490051303295
PA,SEX,0.001441376330335531
RI,COW,0.027098130779997096
RI,MAR,0.01795898479471844
RI,OCCP,0.1758958586770265
RI,POBP,0.06994695810278745
RI,RAC1P,0.09417821498178996
RI,RELP,0.02187324229224712
RI,SCHL,0.03926882627634108
RI,SEX,0.010381687698428288
SC,COW,0.034220907660184055
SC,MAR,0.01222128927695004
SC,OCCP,0.1078929418409511
SC,POBP,0.04234780377546425
SC,RAC1P,0.05401241475810988
SC,RELP,0.014021233258372949
SC,SCHL,0.030792016149751786
SC,SEX,0.008831624277155836
SD,COW,0.020003477399947303
SD,MAR,0.017790881199337364
SD,OCCP,0.16225238706045908
SD,POBP,0.046216443209360955
SD,RAC1P,0.04287332466446831
SD,RELP,0.022555818082108065
SD,SCHL,0.029493157504651323
SD,SEX,0.013172845664078586
TN,COW,0.023068788425154
TN,MAR,0.021595917733023266
TN,OCCP,0.09499505802552594
TN,POBP,0.027874562967054803
TN,RAC1P,0.06496737535910553
TN,RELP,0.012168044853028498
TN,SCHL,0.02439710002278009
TN,SEX,0.0012347892380536463
TX,COW,0.026136377435222378
TX,MAR,0.011048952673349292
TX,OCCP,0.08309297392576177
TX,POBP,0.022875996134588725
TX,RAC1P,0.22904674684585186
TX,RELP,0.010375680101219262
TX,SCHL,0.03336343915848927
TX,SEX,0.0033971325810213393
UT,COW,0.017601610140986365
UT,MAR,0.030012596527739775
UT,OCCP,0.12548281022007113
UT,POBP,0.034170512622718335
UT,RAC1P,0.06591383411839405
UT,RELP,0.01987249311856355
UT,SCHL,0.031224760260884256
UT,SEX,0.00571634414090838
VA,COW,0.017106382334914374
VA,MAR,0.01509818117291949
VA,OCCP,0.0939783808933527
VA,POBP,0.027080815271131747
VA,RAC1P,0.07736523651202475
VA,RELP,0.013675886227034246
VA,SCHL,0.02379925124315671
VA,SEX,0.0032783252252032713
VT,COW,0.017252737974148606
VT,MAR,0.007843434069748524
VT,OCCP,0.18162481438515687
VT,POBP,0.05792376616492064
VT,RAC1P,0.05921831641453097
VT,RELP,0.03256279806698879
VT,SCHL,0.030569118034175446
VT,SEX,0.00034811933643530413
WA,COW,0.019323196791471438
WA,MAR,0.012911350656900532
WA,OCCP,0.10063565890680151
WA,POBP,0.03311420666311822
WA,RAC1P,0.0956384565863802
WA,RELP,0.011592178892768529
WA,SCHL,0.03950522847920411
WA,SEX,0.0008086971256681119
WI,COW,0.022162501459329017
WI,MAR,0.0063837048084462375
WI,OCCP,0.09666079060239596
WI,POBP,0.02313717106008869
WI,RAC1P,0.04584570391873341
WI,RELP,0.009536886682573447
WI,SCHL,0.026686353914993154
WI,SEX,0.0005425015898625207
WV,COW,0.03647677577472098
WV,MAR,0.013351536467974826
WV,OCCP,0.14954857056740617
WV,POBP,0.039454117579117584
WV,RAC1P,0.04690076008569162
WV,RELP,0.014430987889891986
WV,SCHL,0.04934119446105746
WV,SEX,0.00611349626760585
WY,COW,0.03394255874673628
WY,MAR,0.027745948745601132
WY,OCCP,0.21904178255193552
WY,POBP,0.07936485412646158
WY,RAC1P,0.07482581734589622
WY,RELP,0.025909226359405155
WY,SCHL,0.027142872346463842
WY,SEX,0.012159971336133474
