state,rows_2018,positive_rate_2018,rows_2021,positive_rate_2021,positive_rate_change_pp,weighted_rate_change_pp
AK,3546,0.3866328257191201,3298,0.44693753790175866,6.030471218263855,5.377433491233841
AL,22268,0.3109394647027124,22733,0.35054766198917875,3.9608197286466362,4.251660802121809
AR,13929,0.2680020101945581,13554,0.31090453002803603,4.290251983347792,5.087184870684092
AZ,33277,0.33957387985695825,34364,0.39844022814573393,5.886634828877568,6.75873263188585
CA,195665,0.4105741956916158,192223,0.45769757000983236,4.7123374318216555,5.682508349719578
CO,31306,0.41436146425605314,32028,0.47321094042712625,5.884947617107311,7.31798708521601
CT,19785,0.4782916350770786,19514,0.5132725222916881,3.4980887214609457,3.451889801292163
DE,4713,0.38998514746446,4633,0.44701057630045327,5.702542883599326,6.680000828979537
FL,98925,0.3313217083649229,97388,0.3777570131843759,4.643530481945296,5.815254412609133
GA,50915,0.3544142197780615,47639,0.39064631919225845,3.623209941419697,4.5902466870339715
HI,7731,0.3811926012158841,7655,0.4256041802743305,4.441157905844639,6.033016716753653
IA,17745,0.30741053817976893,17172,0.36047053342650826,5.305999524673933,5.520596456216159
ID,8265,0.2886872353297036,8729,0.3348608087982587,4.617357346855511,5.166680830893289
IL,67016,0.39353288766861644,64534,0.438729971797812,4.519708412919554,4.862362604636616
IN,35022,0.30800639597966994,34372,0.3579075992086582,4.990120322898828,5.851494984403388
KS,15807,0.3123932434997153,14942,0.37357783429259805,6.118459079288274,5.105556091748414
KY,22006,0.3109152049441061,21554,0.3587733135380904,4.785810859398426,4.440691410368053
LA,20667,0.3324623796390381,19821,0.3651178043489229,3.2655424709884806,3.4455932205260495
MA,40114,0.4684399461534626,40364,0.5291844217619661,6.0744475608503485,6.765482527598671
MD,33042,0.4852006537134556,33101,0.5320685175674451,4.68678638539895,5.540521358194578
ME,7002,0.3031990859754356,6959,0.3608277051300474,5.7628619154611815,6.135168344495262
MI,50008,0.33716605343145095,48030,0.3898188632104934,5.265280977904246,5.399766624610619
MN,31021,0.37232842268140937,30453,0.44488227760811744,7.255385492670808,6.404987284261998
MO,31664,0.30814173825164226,30821,0.3666980305635768,5.855629231193454,5.948638839269038
MS,13189,0.2695428008188642,12500,0.2964,2.685719918113577,4.595886174527242
MT,5463,0.29251327109646713,5408,0.3572485207100592,6.473524961359206,6.740120374452036
NC,52067,0.3261182706896883,51222,0.38169146070048027,5.557319001079197,6.472555392699425
ND,4455,0.3672278338945006,4163,0.4057170309872688,3.8489197092768213,4.473492718617894
NE,10785,0.31228558182661104,10676,0.3779505432746347,6.566496144802364,6.537337553009853
NH,7966,0.39994978659302033,7516,0.4795103778605641,7.956059126754377,7.802897680607456
NJ,47781,0.4903622778928863,48807,0.5288585653697215,3.849628747683526,4.303544867241466
NM,8711,0.2976696131328206,8591,0.36468397159818416,6.7014358465363575,7.1053485235517355
NV,14807,0.3366650908354157,14656,0.37213427947598254,3.5469188640566864,4.175302398506997
NY,103021,0.41474068393822616,100270,0.46307968485090256,4.83390009126764,4.741273219622682
OH,62135,0.3396797296209866,60354,0.3872817046094708,4.760197498848423,5.022450025968905
OK,17917,0.2823575375341854,17402,0.3191012527295713,3.6743715195385884,4.360872894247714
OR,21919,0.3644783064920845,21370,0.43125877398221807,6.6780467490133555,6.565737902085001
PA,68308,0.356986004567547,65241,0.4203338391502276,6.3347834582680616,6.702804028621667
RI,5712,0.4206932773109244,5996,0.4563042028018679,3.5610925490943526,3.974770867159727
SC,24879,0.30708629768077494,24581,0.36007485456246696,5.298855688169201,5.984930651774873
SD,4899,0.2700551132884262,4723,0.3366504340461571,6.65953207577309,9.53776577426514
TN,34003,0.30747287004087875,34320,0.3548951048951049,4.742223485422614,6.015605457425821
TX,135924,0.3647994467496542,128587,0.4027001174302223,3.7900670680568127,5.159934478199291
UT,16337,0.33384342290506214,17442,0.38229560830180026,4.845218539673812,5.117901404920139
VA,46144,0.4370449029126214,45928,0.4779655112349765,4.092060832235511,5.366411537191384
VT,3767,0.3432439607114415,3581,0.40044680256911475,5.720284185767327,7.593531096751832
WA,39944,0.42834968956539154,39954,0.4941432647544676,6.579357518907608,7.20542312334207
WI,32690,0.34129703273172224,31684,0.3990973361949249,5.780030346320264,6.219488515264699
WV,8103,0.29063309885227695,7488,0.34268162393162394,5.204852507934699,5.107176120940488
WY,3064,0.3577023498694517,2944,0.37228260869565216,1.4580258826200454,2.672716601706254
